Order_Date,Running_Revenue
1/1/2017,1481.828
1/1/2017,1481.828
1/1/2017,1481.828
1/1/2017,1481.828
1/1/2017,1481.828
1/1/2017,1481.828
1/1/2017,1481.828
1/1/2017,1481.828
1/1/2017,1481.828
1/1/2017,1481.828
1/10/2014,1536.6580000000001
1/10/2014,1536.6580000000001
1/10/2015,2554.762
1/10/2016,2729.512
1/10/2016,2729.512
1/10/2016,2729.512
1/11/2014,2739.452
1/11/2016,2888.8960000000006
1/11/2016,2888.8960000000006
1/11/2016,2888.8960000000006
1/11/2016,2888.8960000000006
1/12/2015,3743.5100000000007
1/12/2015,3743.5100000000007
1/12/2015,3743.5100000000007
1/12/2015,3743.5100000000007
1/12/2015,3743.5100000000007
1/12/2015,3743.5100000000007
1/12/2017,4592.03
1/12/2017,4592.03
1/12/2017,4592.03
1/12/2017,4592.03
1/13/2014,8145.824999999998
1/13/2014,8145.824999999998
1/13/2014,8145.824999999998
1/13/2014,8145.824999999998
1/13/2014,8145.824999999998
1/13/2014,8145.824999999998
1/13/2014,8145.824999999998
1/13/2014,8145.824999999998
1/13/2014,8145.824999999998
1/13/2014,8145.824999999998
1/13/2014,8145.824999999998
1/13/2015,8768.103
1/13/2015,8768.103
1/13/2015,8768.103
1/13/2015,8768.103
1/13/2017,13387.433
1/13/2017,13387.433
1/13/2017,13387.433
1/13/2017,13387.433
1/14/2014,13449.393
1/14/2016,13854.737
1/14/2016,13854.737
1/14/2017,14910.774999999998
1/14/2017,14910.774999999998
1/14/2017,14910.774999999998
1/14/2017,14910.774999999998
1/14/2017,14910.774999999998
1/14/2017,14910.774999999998
1/14/2017,14910.774999999998
1/14/2017,14910.774999999998
1/14/2017,14910.774999999998
1/14/2017,14910.774999999998
1/14/2017,14910.774999999998
1/14/2017,14910.774999999998
1/14/2017,14910.774999999998
1/14/2017,14910.774999999998
1/14/2017,14910.774999999998
1/14/2017,14910.774999999998
1/14/2017,14910.774999999998
1/14/2017,14910.774999999998
1/15/2014,15060.724999999999
1/15/2016,15762.648
1/15/2016,15762.648
1/15/2016,15762.648
1/15/2016,15762.648
1/15/2016,15762.648
1/15/2016,15762.648
1/15/2016,15762.648
1/15/2016,15762.648
1/15/2017,17902.928
1/15/2017,17902.928
1/15/2017,17902.928
1/15/2017,17902.928
1/15/2017,17902.928
1/15/2017,17902.928
1/15/2017,17902.928
1/15/2017,17902.928
1/16/2014,18202.892
1/16/2014,18202.892
1/16/2014,18202.892
1/16/2014,18202.892
1/16/2016,18305.11
1/16/2016,18305.11
1/16/2017,24535.401999999995
1/16/2017,24535.401999999995
1/16/2017,24535.401999999995
1/16/2017,24535.401999999995
1/16/2017,24535.401999999995
1/17/2015,24885.785999999993
1/17/2015,24885.785999999993
1/17/2015,24885.785999999993
1/17/2016,25926.335999999996
1/17/2016,25926.335999999996
1/17/2016,25926.335999999996
1/17/2016,25926.335999999996
1/18/2014,25991.199999999997
1/19/2014,26369.793999999998
1/19/2014,26369.793999999998
1/19/2014,26369.793999999998
1/19/2014,26369.793999999998
1/19/2015,26671.535999999996
1/19/2015,26671.535999999996
1/19/2017,28685.250999999993
1/19/2017,28685.250999999993
1/19/2017,28685.250999999993
1/19/2017,28685.250999999993
1/19/2017,28685.250999999993
1/19/2017,28685.250999999993
1/19/2017,28685.250999999993
1/19/2017,28685.250999999993
1/19/2017,28685.250999999993
1/2/2015,30617.346999999994
1/2/2015,30617.346999999994
1/2/2015,30617.346999999994
1/2/2015,30617.346999999994
1/2/2015,30617.346999999994
1/2/2015,30617.346999999994
1/2/2015,30617.346999999994
1/2/2015,30617.346999999994
1/2/2016,31023.266999999993
1/2/2016,31023.266999999993
1/2/2017,33102.82099999999
1/2/2017,33102.82099999999
1/2/2017,33102.82099999999
1/2/2017,33102.82099999999
1/2/2017,33102.82099999999
1/2/2017,33102.82099999999
1/2/2017,33102.82099999999
1/2/2017,33102.82099999999
1/20/2014,35776.691
1/20/2014,35776.691
1/20/2014,35776.691
1/20/2014,35776.691
1/20/2014,35776.691
1/20/2014,35776.691
1/20/2014,35776.691
1/20/2014,35776.691
1/20/2014,35776.691
1/20/2014,35776.691
1/20/2014,35776.691
1/20/2014,35776.691
1/20/2014,35776.691
1/20/2014,35776.691
1/20/2014,35776.691
1/20/2014,35776.691
1/20/2014,35776.691
1/20/2017,36544.52899999999
1/20/2017,36544.52899999999
1/20/2017,36544.52899999999
1/20/2017,36544.52899999999
1/20/2017,36544.52899999999
1/20/2017,36544.52899999999
1/21/2014,36569.77699999999
1/21/2016,37736.832999999984
1/21/2016,37736.832999999984
1/21/2017,40283.47599999999
1/21/2017,40283.47599999999
1/21/2017,40283.47599999999
1/21/2017,40283.47599999999
1/21/2017,40283.47599999999
1/21/2017,40283.47599999999
1/21/2017,40283.47599999999
1/21/2017,40283.47599999999
1/21/2017,40283.47599999999
1/21/2017,40283.47599999999
1/21/2017,40283.47599999999
1/21/2017,40283.47599999999
1/21/2017,40283.47599999999
1/21/2017,40283.47599999999
1/22/2016,41201.105999999985
1/22/2016,41201.105999999985
1/22/2016,41201.105999999985
1/22/2016,41201.105999999985
1/22/2016,41201.105999999985
1/22/2016,41201.105999999985
1/22/2016,41201.105999999985
1/22/2016,41201.105999999985
1/22/2016,41201.105999999985
1/22/2016,41201.105999999985
1/22/2016,41201.105999999985
1/22/2017,45413.47799999998
1/22/2017,45413.47799999998
1/22/2017,45413.47799999998
1/22/2017,45413.47799999998
1/22/2017,45413.47799999998
1/22/2017,45413.47799999998
1/23/2014,45459.497999999985
1/23/2014,45459.497999999985
1/23/2015,45503.15799999999
1/23/2015,45503.15799999999
1/23/2016,47235.45799999999
1/23/2016,47235.45799999999
1/23/2016,47235.45799999999
1/23/2016,47235.45799999999
1/23/2017,47685.791999999994
1/23/2017,47685.791999999994
1/23/2017,47685.791999999994
1/23/2017,47685.791999999994
1/23/2017,47685.791999999994
1/23/2017,47685.791999999994
1/23/2017,47685.791999999994
1/24/2015,47698.912
1/24/2016,47730.272
1/24/2017,48148.937999999995
1/24/2017,48148.937999999995
1/24/2017,48148.937999999995
1/24/2017,48148.937999999995
1/25/2016,49007.65
1/25/2016,49007.65
1/25/2016,49007.65
1/25/2016,49007.65
1/25/2016,49007.65
1/25/2016,49007.65
1/26/2014,50104.9
1/26/2014,50104.9
1/26/2014,50104.9
1/26/2014,50104.9
1/26/2014,50104.9
1/26/2014,50104.9
1/26/2014,50104.9
1/26/2014,50104.9
1/26/2014,50104.9
1/26/2015,50287.62
1/26/2017,53342.90000000001
1/26/2017,53342.90000000001
1/26/2017,53342.90000000001
1/26/2017,53342.90000000001
1/26/2017,53342.90000000001
1/26/2017,53342.90000000001
1/27/2014,53769.570000000014
1/27/2014,53769.570000000014
1/27/2014,53769.570000000014
1/27/2015,57342.822000000015
1/27/2015,57342.822000000015
1/27/2015,57342.822000000015
1/27/2015,57342.822000000015
1/27/2017,57674.736000000026
1/27/2017,57674.736000000026
1/27/2017,57674.736000000026
1/27/2017,57674.736000000026
1/28/2014,57678.664000000026
1/28/2015,61976.30800000003
1/28/2016,62015.98800000003
1/28/2017,63023.50800000003
1/28/2017,63023.50800000003
1/28/2017,63023.50800000003
1/28/2017,63023.50800000003
1/29/2017,63318.35000000003
1/29/2017,63318.35000000003
1/29/2017,63318.35000000003
1/29/2017,63318.35000000003
1/29/2017,63318.35000000003
1/29/2017,63318.35000000003
1/29/2017,63318.35000000003
1/29/2017,63318.35000000003
1/29/2017,63318.35000000003
1/29/2017,63318.35000000003
1/3/2014,63334.798000000024
1/3/2015,65103.01960000002
1/3/2015,65103.01960000002
1/3/2015,65103.01960000002
1/3/2015,65103.01960000002
1/3/2016,67198.84960000003
1/3/2016,67198.84960000003
1/3/2016,67198.84960000003
1/3/2016,67198.84960000003
1/3/2016,67198.84960000003
1/3/2016,67198.84960000003
1/3/2017,69269.12160000003
1/3/2017,69269.12160000003
1/3/2017,69269.12160000003
1/30/2014,69509.62160000003
1/30/2014,69509.62160000003
1/30/2015,71671.26160000003
1/30/2015,71671.26160000003
1/30/2015,71671.26160000003
1/30/2016,74778.57760000003
1/30/2016,74778.57760000003
1/30/2016,74778.57760000003
1/30/2016,74778.57760000003
1/30/2016,74778.57760000003
1/30/2016,74778.57760000003
1/30/2016,74778.57760000003
1/30/2016,74778.57760000003
1/30/2016,74778.57760000003
1/30/2016,74778.57760000003
1/30/2017,78527.91260000005
1/30/2017,78527.91260000005
1/30/2017,78527.91260000005
1/30/2017,78527.91260000005
1/30/2017,78527.91260000005
1/30/2017,78527.91260000005
1/30/2017,78527.91260000005
1/30/2017,78527.91260000005
1/30/2017,78527.91260000005
1/30/2017,78527.91260000005
1/30/2017,78527.91260000005
1/30/2017,78527.91260000005
1/30/2017,78527.91260000005
1/30/2017,78527.91260000005
1/30/2017,78527.91260000005
1/30/2017,78527.91260000005
1/31/2014,78818.57860000005
1/31/2015,78917.83860000006
1/31/2015,78917.83860000006
1/31/2015,78917.83860000006
1/31/2016,80519.39260000006
1/31/2016,80519.39260000006
1/31/2016,80519.39260000006
1/31/2016,80519.39260000006
1/31/2016,80519.39260000006
1/31/2016,80519.39260000006
1/4/2014,80807.45260000006
1/4/2014,80807.45260000006
1/4/2014,80807.45260000006
1/4/2015,81071.91260000005
1/4/2015,81071.91260000005
1/4/2015,81071.91260000005
1/4/2016,82141.13260000006
1/4/2016,82141.13260000006
1/4/2016,82141.13260000006
1/5/2014,82160.66860000005
1/5/2015,82455.94060000006
1/5/2015,82455.94060000006
1/5/2015,82455.94060000006
1/5/2015,82455.94060000006
1/5/2015,82455.94060000006
1/5/2015,82455.94060000006
1/5/2016,82711.84460000005
1/5/2016,82711.84460000005
1/5/2016,82711.84460000005
1/6/2014,87118.94460000005
1/6/2014,87118.94460000005
1/6/2014,87118.94460000005
1/6/2014,87118.94460000005
1/6/2014,87118.94460000005
1/6/2014,87118.94460000005
1/6/2014,87118.94460000005
1/6/2014,87118.94460000005
1/6/2014,87118.94460000005
1/6/2015,87150.48260000005
1/6/2015,87150.48260000005
1/6/2017,87184.22260000005
1/7/2014,87271.38060000005
1/7/2014,87271.38060000005
1/7/2016,87354.95660000005
1/7/2016,87354.95660000005
1/7/2016,87354.95660000005
1/7/2017,90750.54660000006
1/7/2017,90750.54660000006
1/7/2017,90750.54660000006
1/7/2017,90750.54660000006
1/7/2017,90750.54660000006
1/7/2017,90750.54660000006
1/8/2016,92609.70460000006
1/8/2016,92609.70460000006
1/8/2016,92609.70460000006
1/8/2016,92609.70460000006
1/8/2016,92609.70460000006
1/8/2017,93502.68460000005
1/9/2014,93543.22860000005
1/9/2014,93543.22860000005
1/9/2015,93907.29860000005
1/9/2015,93907.29860000005
1/9/2015,93907.29860000005
1/9/2015,93907.29860000005
1/9/2016,94650.34460000005
1/9/2016,94650.34460000005
1/9/2016,94650.34460000005
1/9/2017,94924.83560000005
10/1/2014,94929.54560000006
10/1/2015,96087.95960000005
10/1/2015,96087.95960000005
10/1/2015,96087.95960000005
10/1/2015,96087.95960000005
10/1/2015,96087.95960000005
10/1/2015,96087.95960000005
10/1/2016,96869.37360000005
10/1/2016,96869.37360000005
10/1/2016,96869.37360000005
10/1/2016,96869.37360000005
10/1/2016,96869.37360000005
10/1/2016,96869.37360000005
10/1/2016,96869.37360000005
10/1/2016,96869.37360000005
10/1/2017,99847.83960000006
10/1/2017,99847.83960000006
10/1/2017,99847.83960000006
10/1/2017,99847.83960000006
10/1/2017,99847.83960000006
10/1/2017,99847.83960000006
10/1/2017,99847.83960000006
10/1/2017,99847.83960000006
10/1/2017,99847.83960000006
10/1/2017,99847.83960000006
10/1/2017,99847.83960000006
10/1/2017,99847.83960000006
10/10/2014,101897.22560000008
10/10/2014,101897.22560000008
10/10/2014,101897.22560000008
10/10/2014,101897.22560000008
10/10/2014,101897.22560000008
10/10/2014,101897.22560000008
10/10/2014,101897.22560000008
10/10/2014,101897.22560000008
10/10/2014,101897.22560000008
10/10/2014,101897.22560000008
10/10/2015,104145.41960000008
10/10/2015,104145.41960000008
10/10/2015,104145.41960000008
10/10/2015,104145.41960000008
10/10/2015,104145.41960000008
10/10/2016,104428.17260000008
10/10/2016,104428.17260000008
10/10/2016,104428.17260000008
10/10/2016,104428.17260000008
10/10/2016,104428.17260000008
10/10/2016,104428.17260000008
10/10/2016,104428.17260000008
10/10/2017,104667.53060000007
10/11/2014,106048.69460000006
10/11/2014,106048.69460000006
10/11/2014,106048.69460000006
10/11/2014,106048.69460000006
10/11/2014,106048.69460000006
10/11/2014,106048.69460000006
10/11/2014,106048.69460000006
10/11/2014,106048.69460000006
10/11/2014,106048.69460000006
10/11/2015,107060.59010000006
10/11/2015,107060.59010000006
10/11/2015,107060.59010000006
10/11/2016,107093.65410000006
10/11/2016,107093.65410000006
10/12/2014,107152.18410000006
10/12/2014,107152.18410000006
10/12/2014,107152.18410000006
10/12/2015,109542.94210000004
10/12/2015,109542.94210000004
10/12/2015,109542.94210000004
10/12/2015,109542.94210000004
10/12/2015,109542.94210000004
10/12/2015,109542.94210000004
10/12/2015,109542.94210000004
10/12/2015,109542.94210000004
10/12/2015,109542.94210000004
10/12/2015,109542.94210000004
10/12/2015,109542.94210000004
10/12/2017,115178.29610000004
10/12/2017,115178.29610000004
10/12/2017,115178.29610000004
10/12/2017,115178.29610000004
10/12/2017,115178.29610000004
10/12/2017,115178.29610000004
10/12/2017,115178.29610000004
10/12/2017,115178.29610000004
10/12/2017,115178.29610000004
10/12/2017,115178.29610000004
10/12/2017,115178.29610000004
10/12/2017,115178.29610000004
10/12/2017,115178.29610000004
10/12/2017,115178.29610000004
10/12/2017,115178.29610000004
10/12/2017,115178.29610000004
10/12/2017,115178.29610000004
10/12/2017,115178.29610000004
10/13/2014,117390.47810000002
10/13/2014,117390.47810000002
10/13/2014,117390.47810000002
10/13/2014,117390.47810000002
10/13/2014,117390.47810000002
10/13/2014,117390.47810000002
10/13/2014,117390.47810000002
10/13/2014,117390.47810000002
10/13/2014,117390.47810000002
10/13/2014,117390.47810000002
10/13/2014,117390.47810000002
10/13/2015,117762.13810000003
10/13/2015,117762.13810000003
10/13/2016,119412.75610000001
10/13/2016,119412.75610000001
10/13/2016,119412.75610000001
10/13/2016,119412.75610000001
10/13/2016,119412.75610000001
10/13/2016,119412.75610000001
10/13/2016,119412.75610000001
10/13/2016,119412.75610000001
10/13/2016,119412.75610000001
10/13/2016,119412.75610000001
10/13/2016,119412.75610000001
10/13/2016,119412.75610000001
10/13/2016,119412.75610000001
10/13/2016,119412.75610000001
10/13/2016,119412.75610000001
10/13/2016,119412.75610000001
10/13/2016,119412.75610000001
10/13/2016,119412.75610000001
10/13/2016,119412.75610000001
10/13/2017,127818.55810000002
10/13/2017,127818.55810000002
10/13/2017,127818.55810000002
10/13/2017,127818.55810000002
10/13/2017,127818.55810000002
10/13/2017,127818.55810000002
10/13/2017,127818.55810000002
10/13/2017,127818.55810000002
10/13/2017,127818.55810000002
10/13/2017,127818.55810000002
10/13/2017,127818.55810000002
10/13/2017,127818.55810000002
10/13/2017,127818.55810000002
10/13/2017,127818.55810000002
10/13/2017,127818.55810000002
10/14/2014,132344.04210000002
10/14/2014,132344.04210000002
10/14/2014,132344.04210000002
10/14/2014,132344.04210000002
10/14/2014,132344.04210000002
10/14/2014,132344.04210000002
10/14/2014,132344.04210000002
10/14/2014,132344.04210000002
10/14/2014,132344.04210000002
10/14/2014,132344.04210000002
10/14/2016,135679.93010000003
10/14/2016,135679.93010000003
10/14/2016,135679.93010000003
10/14/2016,135679.93010000003
10/14/2016,135679.93010000003
10/14/2016,135679.93010000003
10/14/2016,135679.93010000003
10/14/2016,135679.93010000003
10/14/2016,135679.93010000003
10/14/2016,135679.93010000003
10/14/2017,135814.26210000002
10/14/2017,135814.26210000002
10/14/2017,135814.26210000002
10/14/2017,135814.26210000002
10/14/2017,135814.26210000002
10/15/2014,136020.9861
10/15/2014,136020.9861
10/15/2014,136020.9861
10/15/2015,139240.5401
10/15/2015,139240.5401
10/15/2015,139240.5401
10/15/2015,139240.5401
10/15/2015,139240.5401
10/15/2015,139240.5401
10/15/2015,139240.5401
10/15/2015,139240.5401
10/15/2016,140860.6901
10/15/2016,140860.6901
10/15/2016,140860.6901
10/15/2016,140860.6901
10/15/2016,140860.6901
10/15/2016,140860.6901
10/15/2016,140860.6901
10/15/2016,140860.6901
10/15/2016,140860.6901
10/15/2016,140860.6901
10/15/2016,140860.6901
10/15/2016,140860.6901
10/15/2016,140860.6901
10/15/2017,141878.6301
10/15/2017,141878.6301
10/15/2017,141878.6301
10/15/2017,141878.6301
10/15/2017,141878.6301
10/15/2017,141878.6301
10/15/2017,141878.6301
10/15/2017,141878.6301
10/16/2014,142072.95210000002
10/16/2014,142072.95210000002
10/16/2015,142897.92210000003
10/16/2016,143040.10410000003
10/16/2017,146513.7011
10/16/2017,146513.7011
10/16/2017,146513.7011
10/16/2017,146513.7011
10/16/2017,146513.7011
10/16/2017,146513.7011
10/17/2014,146649.7691
10/17/2014,146649.7691
10/17/2014,146649.7691
10/17/2015,146727.6491
10/17/2016,149680.99510000003
10/17/2016,149680.99510000003
10/17/2016,149680.99510000003
10/17/2016,149680.99510000003
10/17/2016,149680.99510000003
10/17/2016,149680.99510000003
10/17/2017,149807.3471
10/17/2017,149807.3471
10/17/2017,149807.3471
10/17/2017,149807.3471
10/18/2014,152942.26310000004
10/18/2014,152942.26310000004
10/18/2014,152942.26310000004
10/18/2014,152942.26310000004
10/18/2014,152942.26310000004
10/18/2014,152942.26310000004
10/18/2014,152942.26310000004
10/18/2014,152942.26310000004
10/18/2014,152942.26310000004
10/18/2015,153320.75710000002
10/18/2015,153320.75710000002
10/18/2015,153320.75710000002
10/18/2015,153320.75710000002
10/18/2015,153320.75710000002
10/18/2016,153628.67710000003
10/19/2014,154269.78110000005
10/19/2014,154269.78110000005
10/19/2014,154269.78110000005
10/19/2014,154269.78110000005
10/19/2014,154269.78110000005
10/19/2014,154269.78110000005
10/19/2014,154269.78110000005
10/19/2015,156404.87110000008
10/19/2015,156404.87110000008
10/19/2015,156404.87110000008
10/19/2015,156404.87110000008
10/19/2015,156404.87110000008
10/19/2015,156404.87110000008
10/19/2017,159186.74130000005
10/19/2017,159186.74130000005
10/19/2017,159186.74130000005
10/19/2017,159186.74130000005
10/19/2017,159186.74130000005
10/19/2017,159186.74130000005
10/19/2017,159186.74130000005
10/19/2017,159186.74130000005
10/19/2017,159186.74130000005
10/19/2017,159186.74130000005
10/19/2017,159186.74130000005
10/19/2017,159186.74130000005
10/19/2017,159186.74130000005
10/19/2017,159186.74130000005
10/19/2017,159186.74130000005
10/19/2017,159186.74130000005
10/2/2014,159784.88530000002
10/2/2014,159784.88530000002
10/2/2014,159784.88530000002
10/2/2014,159784.88530000002
10/2/2014,159784.88530000002
10/2/2014,159784.88530000002
10/2/2014,159784.88530000002
10/2/2015,161054.1513
10/2/2015,161054.1513
10/2/2015,161054.1513
10/2/2015,161054.1513
10/2/2015,161054.1513
10/2/2015,161054.1513
10/2/2015,161054.1513
10/2/2015,161054.1513
10/2/2015,161054.1513
10/2/2015,161054.1513
10/2/2015,161054.1513
10/2/2015,161054.1513
10/2/2015,161054.1513
10/2/2015,161054.1513
10/2/2015,161054.1513
10/2/2016,179507.1233
10/2/2016,179507.1233
10/2/2016,179507.1233
10/2/2016,179507.1233
10/2/2016,179507.1233
10/2/2016,179507.1233
10/2/2016,179507.1233
10/2/2017,184925.14529999997
10/2/2017,184925.14529999997
10/2/2017,184925.14529999997
10/2/2017,184925.14529999997
10/2/2017,184925.14529999997
10/2/2017,184925.14529999997
10/2/2017,184925.14529999997
10/2/2017,184925.14529999997
10/2/2017,184925.14529999997
10/2/2017,184925.14529999997
10/2/2017,184925.14529999997
10/2/2017,184925.14529999997
10/2/2017,184925.14529999997
10/2/2017,184925.14529999997
10/2/2017,184925.14529999997
10/2/2017,184925.14529999997
10/2/2017,184925.14529999997
10/2/2017,184925.14529999997
10/2/2017,184925.14529999997
10/2/2017,184925.14529999997
10/2/2017,184925.14529999997
10/2/2017,184925.14529999997
10/2/2017,184925.14529999997
10/2/2017,184925.14529999997
10/2/2017,184925.14529999997
10/2/2017,184925.14529999997
10/20/2014,186426.24929999997
10/20/2014,186426.24929999997
10/20/2014,186426.24929999997
10/20/2014,186426.24929999997
10/20/2014,186426.24929999997
10/20/2014,186426.24929999997
10/20/2014,186426.24929999997
10/20/2014,186426.24929999997
10/20/2015,187146.33529999998
10/20/2015,187146.33529999998
10/20/2015,187146.33529999998
10/20/2015,187146.33529999998
10/20/2015,187146.33529999998
10/20/2016,188092.50929999998
10/20/2016,188092.50929999998
10/20/2016,188092.50929999998
10/20/2016,188092.50929999998
10/20/2016,188092.50929999998
10/20/2016,188092.50929999998
10/20/2016,188092.50929999998
10/20/2016,188092.50929999998
10/20/2016,188092.50929999998
10/20/2016,188092.50929999998
10/20/2017,189426.36729999995
10/20/2017,189426.36729999995
10/20/2017,189426.36729999995
10/20/2017,189426.36729999995
10/20/2017,189426.36729999995
10/20/2017,189426.36729999995
10/20/2017,189426.36729999995
10/20/2017,189426.36729999995
10/20/2017,189426.36729999995
10/20/2017,189426.36729999995
10/20/2017,189426.36729999995
10/20/2017,189426.36729999995
10/20/2017,189426.36729999995
10/20/2017,189426.36729999995
10/20/2017,189426.36729999995
10/21/2014,190782.96929999994
10/21/2014,190782.96929999994
10/21/2014,190782.96929999994
10/21/2014,190782.96929999994
10/21/2014,190782.96929999994
10/21/2014,190782.96929999994
10/21/2016,198734.5613
10/21/2016,198734.5613
10/21/2016,198734.5613
10/21/2016,198734.5613
10/21/2016,198734.5613
10/21/2016,198734.5613
10/21/2016,198734.5613
10/21/2016,198734.5613
10/21/2016,198734.5613
10/21/2016,198734.5613
10/21/2016,198734.5613
10/21/2016,198734.5613
10/21/2016,198734.5613
10/21/2016,198734.5613
10/21/2016,198734.5613
10/21/2016,198734.5613
10/21/2016,198734.5613
10/21/2016,198734.5613
10/21/2016,198734.5613
10/21/2016,198734.5613
10/21/2016,198734.5613
10/21/2017,203271.7623
10/21/2017,203271.7623
10/21/2017,203271.7623
10/21/2017,203271.7623
10/21/2017,203271.7623
10/21/2017,203271.7623
10/21/2017,203271.7623
10/21/2017,203271.7623
10/21/2017,203271.7623
10/21/2017,203271.7623
10/21/2017,203271.7623
10/21/2017,203271.7623
10/21/2017,203271.7623
10/21/2017,203271.7623
10/21/2017,203271.7623
10/21/2017,203271.7623
10/21/2017,203271.7623
10/21/2017,203271.7623
10/22/2014,203495.57030000002
10/22/2014,203495.57030000002
10/22/2015,203510.69830000002
10/22/2015,203510.69830000002
10/22/2016,203698.97830000002
10/22/2016,203698.97830000002
10/22/2016,203698.97830000002
10/22/2016,203698.97830000002
10/22/2016,203698.97830000002
10/22/2017,218857.85530000002
10/22/2017,218857.85530000002
10/22/2017,218857.85530000002
10/22/2017,218857.85530000002
10/22/2017,218857.85530000002
10/22/2017,218857.85530000002
10/22/2017,218857.85530000002
10/22/2017,218857.85530000002
10/22/2017,218857.85530000002
10/22/2017,218857.85530000002
10/22/2017,218857.85530000002
10/22/2017,218857.85530000002
10/23/2015,221120.1513
10/23/2015,221120.1513
10/23/2015,221120.1513
10/23/2015,221120.1513
10/23/2015,221120.1513
10/23/2015,221120.1513
10/23/2015,221120.1513
10/23/2015,221120.1513
10/23/2015,221120.1513
10/23/2015,221120.1513
10/23/2015,221120.1513
10/23/2015,221120.1513
10/23/2015,221120.1513
10/23/2015,221120.1513
10/23/2015,221120.1513
10/23/2016,221587.57329999996
10/23/2016,221587.57329999996
10/23/2016,221587.57329999996
10/23/2016,221587.57329999996
10/23/2017,224939.96729999996
10/23/2017,224939.96729999996
10/23/2017,224939.96729999996
10/23/2017,224939.96729999996
10/23/2017,224939.96729999996
10/23/2017,224939.96729999996
10/23/2017,224939.96729999996
10/23/2017,224939.96729999996
10/23/2017,224939.96729999996
10/23/2017,224939.96729999996
10/23/2017,224939.96729999996
10/23/2017,224939.96729999996
10/23/2017,224939.96729999996
10/23/2017,224939.96729999996
10/23/2017,224939.96729999996
10/23/2017,224939.96729999996
10/23/2017,224939.96729999996
10/23/2017,224939.96729999996
10/24/2014,224996.45729999995
10/24/2014,224996.45729999995
10/24/2014,224996.45729999995
10/24/2015,225827.60229999994
10/24/2015,225827.60229999994
10/24/2015,225827.60229999994
10/24/2015,225827.60229999994
10/24/2015,225827.60229999994
10/24/2016,227193.10029999993
10/24/2016,227193.10029999993
10/24/2016,227193.10029999993
10/24/2016,227193.10029999993
10/24/2016,227193.10029999993
10/24/2016,227193.10029999993
10/24/2017,227722.18529999992
10/24/2017,227722.18529999992
10/25/2014,227826.06729999994
10/25/2014,227826.06729999994
10/25/2014,227826.06729999994
10/25/2015,229251.47929999995
10/25/2015,229251.47929999995
10/25/2015,229251.47929999995
10/25/2015,229251.47929999995
10/25/2015,229251.47929999995
10/25/2015,229251.47929999995
10/25/2016,230035.43929999994
10/26/2014,230483.31929999994
10/26/2014,230483.31929999994
10/26/2015,231878.6523
10/26/2015,231878.6523
10/26/2015,231878.6523
10/26/2015,231878.6523
10/26/2015,231878.6523
10/26/2015,231878.6523
10/26/2015,231878.6523
10/26/2015,231878.6523
10/26/2017,232878.52029999997
10/26/2017,232878.52029999997
10/26/2017,232878.52029999997
10/26/2017,232878.52029999997
10/26/2017,232878.52029999997
10/26/2017,232878.52029999997
10/26/2017,232878.52029999997
10/26/2017,232878.52029999997
10/26/2017,232878.52029999997
10/26/2017,232878.52029999997
10/27/2014,232900.84029999995
10/27/2014,232900.84029999995
10/27/2016,233879.63030000002
10/27/2016,233879.63030000002
10/27/2016,233879.63030000002
10/27/2016,233879.63030000002
10/27/2016,233879.63030000002
10/27/2016,233879.63030000002
10/27/2016,233879.63030000002
10/27/2016,233879.63030000002
10/27/2016,233879.63030000002
10/27/2017,234965.95030000005
10/27/2017,234965.95030000005
10/27/2017,234965.95030000005
10/27/2017,234965.95030000005
10/27/2017,234965.95030000005
10/27/2017,234965.95030000005
10/27/2017,234965.95030000005
10/27/2017,234965.95030000005
10/27/2017,234965.95030000005
10/27/2017,234965.95030000005
10/27/2017,234965.95030000005
10/27/2017,234965.95030000005
10/28/2014,236476.53230000005
10/28/2014,236476.53230000005
10/28/2014,236476.53230000005
10/28/2014,236476.53230000005
10/28/2014,236476.53230000005
10/28/2014,236476.53230000005
10/28/2015,236581.04230000006
10/28/2015,236581.04230000006
10/28/2015,236581.04230000006
10/28/2015,236581.04230000006
10/28/2016,239480.06330000004
10/28/2016,239480.06330000004
10/28/2016,239480.06330000004
10/28/2016,239480.06330000004
10/28/2016,239480.06330000004
10/28/2016,239480.06330000004
10/28/2016,239480.06330000004
10/28/2016,239480.06330000004
10/28/2016,239480.06330000004
10/28/2016,239480.06330000004
10/28/2016,239480.06330000004
10/28/2016,239480.06330000004
10/28/2016,239480.06330000004
10/28/2016,239480.06330000004
10/28/2016,239480.06330000004
10/28/2016,239480.06330000004
10/28/2016,239480.06330000004
10/28/2017,239888.78930000003
10/28/2017,239888.78930000003
10/28/2017,239888.78930000003
10/28/2017,239888.78930000003
10/28/2017,239888.78930000003
10/28/2017,239888.78930000003
10/28/2017,239888.78930000003
10/28/2017,239888.78930000003
10/29/2014,242702.60130000004
10/29/2014,242702.60130000004
10/29/2014,242702.60130000004
10/29/2015,242946.84130000003
10/29/2015,242946.84130000003
10/29/2016,243077.99530000004
10/29/2016,243077.99530000004
10/29/2016,243077.99530000004
10/29/2016,243077.99530000004
10/29/2017,243124.95530000003
10/3/2014,243987.6383000001
10/3/2014,243987.6383000001
10/3/2014,243987.6383000001
10/3/2014,243987.6383000001
10/3/2014,243987.6383000001
10/3/2014,243987.6383000001
10/3/2014,243987.6383000001
10/3/2014,243987.6383000001
10/3/2014,243987.6383000001
10/3/2014,243987.6383000001
10/3/2014,243987.6383000001
10/3/2014,243987.6383000001
10/3/2014,243987.6383000001
10/3/2015,244262.8563000001
10/3/2015,244262.8563000001
10/3/2015,244262.8563000001
10/3/2015,244262.8563000001
10/3/2015,244262.8563000001
10/3/2015,244262.8563000001
10/3/2016,245943.55230000007
10/3/2016,245943.55230000007
10/3/2016,245943.55230000007
10/3/2016,245943.55230000007
10/3/2016,245943.55230000007
10/3/2016,245943.55230000007
10/3/2016,245943.55230000007
10/3/2017,248448.0323000001
10/3/2017,248448.0323000001
10/3/2017,248448.0323000001
10/3/2017,248448.0323000001
10/3/2017,248448.0323000001
10/3/2017,248448.0323000001
10/3/2017,248448.0323000001
10/3/2017,248448.0323000001
10/3/2017,248448.0323000001
10/30/2015,250570.0763000001
10/30/2015,250570.0763000001
10/30/2015,250570.0763000001
10/30/2015,250570.0763000001
10/30/2015,250570.0763000001
10/30/2015,250570.0763000001
10/30/2015,250570.0763000001
10/30/2016,250729.0783000001
10/30/2016,250729.0783000001
10/30/2016,250729.0783000001
10/30/2016,250729.0783000001
10/30/2017,254754.80830000018
10/30/2017,254754.80830000018
10/30/2017,254754.80830000018
10/30/2017,254754.80830000018
10/30/2017,254754.80830000018
10/30/2017,254754.80830000018
10/30/2017,254754.80830000018
10/30/2017,254754.80830000018
10/30/2017,254754.80830000018
10/30/2017,254754.80830000018
10/30/2017,254754.80830000018
10/30/2017,254754.80830000018
10/30/2017,254754.80830000018
10/30/2017,254754.80830000018
10/30/2017,254754.80830000018
10/30/2017,254754.80830000018
10/30/2017,254754.80830000018
10/30/2017,254754.80830000018
10/30/2017,254754.80830000018
10/30/2017,254754.80830000018
10/30/2017,254754.80830000018
10/30/2017,254754.80830000018
10/30/2017,254754.80830000018
10/31/2014,260116.8343000002
10/31/2014,260116.8343000002
10/31/2014,260116.8343000002
10/31/2014,260116.8343000002
10/31/2014,260116.8343000002
10/31/2014,260116.8343000002
10/31/2014,260116.8343000002
10/31/2014,260116.8343000002
10/31/2014,260116.8343000002
10/31/2014,260116.8343000002
10/31/2014,260116.8343000002
10/31/2014,260116.8343000002
10/31/2014,260116.8343000002
10/31/2014,260116.8343000002
10/31/2014,260116.8343000002
10/31/2014,260116.8343000002
10/31/2014,260116.8343000002
10/31/2014,260116.8343000002
10/31/2014,260116.8343000002
10/31/2015,263327.8433000003
10/31/2015,263327.8433000003
10/31/2015,263327.8433000003
10/31/2015,263327.8433000003
10/31/2015,263327.8433000003
10/31/2015,263327.8433000003
10/31/2015,263327.8433000003
10/31/2015,263327.8433000003
10/31/2015,263327.8433000003
10/31/2015,263327.8433000003
10/31/2015,263327.8433000003
10/31/2015,263327.8433000003
10/31/2015,263327.8433000003
10/31/2015,263327.8433000003
10/31/2015,263327.8433000003
10/31/2015,263327.8433000003
10/31/2015,263327.8433000003
10/31/2016,267078.3423000003
10/31/2016,267078.3423000003
10/31/2016,267078.3423000003
10/31/2016,267078.3423000003
10/31/2016,267078.3423000003
10/31/2016,267078.3423000003
10/31/2016,267078.3423000003
10/31/2016,267078.3423000003
10/31/2017,267602.2703000003
10/31/2017,267602.2703000003
10/31/2017,267602.2703000003
10/4/2014,268331.0183000003
10/4/2014,268331.0183000003
10/4/2014,268331.0183000003
10/4/2014,268331.0183000003
10/4/2015,268836.5983000003
10/4/2015,268836.5983000003
10/4/2015,268836.5983000003
10/4/2015,268836.5983000003
10/4/2016,274749.38030000025
10/4/2016,274749.38030000025
10/4/2016,274749.38030000025
10/4/2016,274749.38030000025
10/4/2016,274749.38030000025
10/4/2016,274749.38030000025
10/4/2016,274749.38030000025
10/4/2017,274769.36030000023
10/5/2014,274961.2603000002
10/5/2014,274961.2603000002
10/5/2015,275812.3523000002
10/5/2015,275812.3523000002
10/5/2015,275812.3523000002
10/5/2015,275812.3523000002
10/5/2015,275812.3523000002
10/5/2015,275812.3523000002
10/5/2015,275812.3523000002
10/5/2017,282496.9683000003
10/5/2017,282496.9683000003
10/5/2017,282496.9683000003
10/5/2017,282496.9683000003
10/5/2017,282496.9683000003
10/5/2017,282496.9683000003
10/5/2017,282496.9683000003
10/5/2017,282496.9683000003
10/5/2017,282496.9683000003
10/5/2017,282496.9683000003
10/5/2017,282496.9683000003
10/5/2017,282496.9683000003
10/5/2017,282496.9683000003
10/5/2017,282496.9683000003
10/5/2017,282496.9683000003
10/6/2014,282991.6783000003
10/6/2014,282991.6783000003
10/6/2014,282991.6783000003
10/6/2014,282991.6783000003
10/6/2016,283822.07830000034
10/6/2016,283822.07830000034
10/6/2016,283822.07830000034
10/6/2016,283822.07830000034
10/6/2016,283822.07830000034
10/6/2017,285321.73030000034
10/6/2017,285321.73030000034
10/6/2017,285321.73030000034
10/6/2017,285321.73030000034
10/6/2017,285321.73030000034
10/6/2017,285321.73030000034
10/6/2017,285321.73030000034
10/6/2017,285321.73030000034
10/6/2017,285321.73030000034
10/6/2017,285321.73030000034
10/6/2017,285321.73030000034
10/6/2017,285321.73030000034
10/7/2014,285559.09030000033
10/7/2014,285559.09030000033
10/7/2016,286532.80230000033
10/7/2016,286532.80230000033
10/7/2016,286532.80230000033
10/7/2016,286532.80230000033
10/7/2016,286532.80230000033
10/7/2017,289282.0123000004
10/7/2017,289282.0123000004
10/7/2017,289282.0123000004
10/7/2017,289282.0123000004
10/7/2017,289282.0123000004
10/7/2017,289282.0123000004
10/7/2017,289282.0123000004
10/7/2017,289282.0123000004
10/7/2017,289282.0123000004
10/7/2017,289282.0123000004
10/7/2017,289282.0123000004
10/8/2014,289429.4043000004
10/8/2014,289429.4043000004
10/8/2015,289651.52430000046
10/8/2015,289651.52430000046
10/8/2015,289651.52430000046
10/8/2016,290213.0603000004
10/8/2016,290213.0603000004
10/8/2016,290213.0603000004
10/8/2016,290213.0603000004
10/8/2017,290821.41630000045
10/8/2017,290821.41630000045
10/8/2017,290821.41630000045
10/8/2017,290821.41630000045
10/8/2017,290821.41630000045
10/8/2017,290821.41630000045
10/9/2014,291070.77630000043
10/9/2014,291070.77630000043
10/9/2014,291070.77630000043
10/9/2015,293204.31130000035
10/9/2015,293204.31130000035
10/9/2015,293204.31130000035
10/9/2015,293204.31130000035
10/9/2015,293204.31130000035
10/9/2015,293204.31130000035
10/9/2015,293204.31130000035
10/9/2015,293204.31130000035
10/9/2015,293204.31130000035
10/9/2015,293204.31130000035
10/9/2015,293204.31130000035
10/9/2015,293204.31130000035
10/9/2016,293751.2313000004
10/9/2016,293751.2313000004
10/9/2016,293751.2313000004
10/9/2016,293751.2313000004
10/9/2016,293751.2313000004
10/9/2017,295247.82030000037
10/9/2017,295247.82030000037
10/9/2017,295247.82030000037
10/9/2017,295247.82030000037
10/9/2017,295247.82030000037
10/9/2017,295247.82030000037
10/9/2017,295247.82030000037
10/9/2017,295247.82030000037
10/9/2017,295247.82030000037
10/9/2017,295247.82030000037
10/9/2017,295247.82030000037
11/1/2014,299979.9003000005
11/1/2014,299979.9003000005
11/1/2014,299979.9003000005
11/1/2014,299979.9003000005
11/1/2014,299979.9003000005
11/1/2014,299979.9003000005
11/1/2014,299979.9003000005
11/1/2014,299979.9003000005
11/1/2014,299979.9003000005
11/1/2014,299979.9003000005
11/1/2014,299979.9003000005
11/1/2014,299979.9003000005
11/1/2014,299979.9003000005
11/1/2014,299979.9003000005
11/1/2014,299979.9003000005
11/1/2014,299979.9003000005
11/1/2014,299979.9003000005
11/1/2014,299979.9003000005
11/1/2014,299979.9003000005
11/1/2014,299979.9003000005
11/1/2015,303086.0063000006
11/1/2015,303086.0063000006
11/1/2015,303086.0063000006
11/1/2015,303086.0063000006
11/1/2015,303086.0063000006
11/1/2015,303086.0063000006
11/1/2015,303086.0063000006
11/1/2015,303086.0063000006
11/1/2015,303086.0063000006
11/1/2015,303086.0063000006
11/1/2015,303086.0063000006
11/1/2015,303086.0063000006
11/1/2016,303539.3803000006
11/1/2016,303539.3803000006
11/1/2016,303539.3803000006
11/1/2016,303539.3803000006
11/1/2017,306460.8103000006
11/1/2017,306460.8103000006
11/1/2017,306460.8103000006
11/1/2017,306460.8103000006
11/10/2014,308463.3663000007
11/10/2014,308463.3663000007
11/10/2014,308463.3663000007
11/10/2014,308463.3663000007
11/10/2014,308463.3663000007
11/10/2014,308463.3663000007
11/10/2014,308463.3663000007
11/10/2014,308463.3663000007
11/10/2014,308463.3663000007
11/10/2014,308463.3663000007
11/10/2014,308463.3663000007
11/10/2014,308463.3663000007
11/10/2015,312000.2703000007
11/10/2015,312000.2703000007
11/10/2015,312000.2703000007
11/10/2015,312000.2703000007
11/10/2015,312000.2703000007
11/10/2015,312000.2703000007
11/10/2015,312000.2703000007
11/10/2015,312000.2703000007
11/10/2016,316723.7483000008
11/10/2016,316723.7483000008
11/10/2016,316723.7483000008
11/10/2016,316723.7483000008
11/10/2016,316723.7483000008
11/10/2016,316723.7483000008
11/10/2016,316723.7483000008
11/10/2016,316723.7483000008
11/10/2016,316723.7483000008
11/10/2016,316723.7483000008
11/10/2016,316723.7483000008
11/10/2016,316723.7483000008
11/10/2016,316723.7483000008
11/10/2016,316723.7483000008
11/10/2016,316723.7483000008
11/10/2016,316723.7483000008
11/10/2016,316723.7483000008
11/10/2016,316723.7483000008
11/10/2016,316723.7483000008
11/10/2016,316723.7483000008
11/10/2016,316723.7483000008
11/10/2016,316723.7483000008
11/10/2016,316723.7483000008
11/10/2016,316723.7483000008
11/10/2016,316723.7483000008
11/10/2016,316723.7483000008
11/10/2016,316723.7483000008
11/10/2016,316723.7483000008
11/10/2016,316723.7483000008
11/10/2016,316723.7483000008
11/10/2016,316723.7483000008
11/10/2016,316723.7483000008
11/10/2016,316723.7483000008
11/10/2016,316723.7483000008
11/10/2016,316723.7483000008
11/10/2017,320731.29630000074
11/10/2017,320731.29630000074
11/10/2017,320731.29630000074
11/10/2017,320731.29630000074
11/10/2017,320731.29630000074
11/10/2017,320731.29630000074
11/10/2017,320731.29630000074
11/10/2017,320731.29630000074
11/10/2017,320731.29630000074
11/10/2017,320731.29630000074
11/10/2017,320731.29630000074
11/10/2017,320731.29630000074
11/10/2017,320731.29630000074
11/10/2017,320731.29630000074
11/10/2017,320731.29630000074
11/11/2014,328845.8443000006
11/11/2014,328845.8443000006
11/11/2014,328845.8443000006
11/11/2014,328845.8443000006
11/11/2014,328845.8443000006
11/11/2014,328845.8443000006
11/11/2014,328845.8443000006
11/11/2014,328845.8443000006
11/11/2014,328845.8443000006
11/11/2014,328845.8443000006
11/11/2014,328845.8443000006
11/11/2014,328845.8443000006
11/11/2014,328845.8443000006
11/11/2014,328845.8443000006
11/11/2014,328845.8443000006
11/11/2014,328845.8443000006
11/11/2014,328845.8443000006
11/11/2014,328845.8443000006
11/11/2014,328845.8443000006
11/11/2014,328845.8443000006
11/11/2014,328845.8443000006
11/11/2014,328845.8443000006
11/11/2014,328845.8443000006
11/11/2014,328845.8443000006
11/11/2014,328845.8443000006
11/11/2014,328845.8443000006
11/11/2015,329388.0223000006
11/11/2015,329388.0223000006
11/11/2016,334332.3183000006
11/11/2016,334332.3183000006
11/11/2016,334332.3183000006
11/11/2016,334332.3183000006
11/11/2016,334332.3183000006
11/11/2016,334332.3183000006
11/11/2016,334332.3183000006
11/11/2016,334332.3183000006
11/11/2016,334332.3183000006
11/11/2016,334332.3183000006
11/11/2016,334332.3183000006
11/11/2016,334332.3183000006
11/11/2016,334332.3183000006
11/11/2016,334332.3183000006
11/11/2016,334332.3183000006
11/11/2016,334332.3183000006
11/11/2016,334332.3183000006
11/11/2016,334332.3183000006
11/11/2016,334332.3183000006
11/11/2017,336147.53630000056
11/11/2017,336147.53630000056
11/11/2017,336147.53630000056
11/11/2017,336147.53630000056
11/11/2017,336147.53630000056
11/11/2017,336147.53630000056
11/11/2017,336147.53630000056
11/11/2017,336147.53630000056
11/11/2017,336147.53630000056
11/11/2017,336147.53630000056
11/11/2017,336147.53630000056
11/11/2017,336147.53630000056
11/11/2017,336147.53630000056
11/11/2017,336147.53630000056
11/11/2017,336147.53630000056
11/12/2014,337202.2975000006
11/12/2014,337202.2975000006
11/12/2014,337202.2975000006
11/12/2014,337202.2975000006
11/12/2014,337202.2975000006
11/12/2014,337202.2975000006
11/12/2014,337202.2975000006
11/12/2014,337202.2975000006
11/12/2014,337202.2975000006
11/12/2014,337202.2975000006
11/12/2014,337202.2975000006
11/12/2015,338330.28950000065
11/12/2015,338330.28950000065
11/12/2015,338330.28950000065
11/12/2015,338330.28950000065
11/12/2015,338330.28950000065
11/12/2015,338330.28950000065
11/12/2015,338330.28950000065
11/12/2015,338330.28950000065
11/12/2015,338330.28950000065
11/12/2015,338330.28950000065
11/12/2015,338330.28950000065
11/12/2016,343245.22750000074
11/12/2016,343245.22750000074
11/12/2016,343245.22750000074
11/12/2016,343245.22750000074
11/12/2016,343245.22750000074
11/12/2016,343245.22750000074
11/12/2016,343245.22750000074
11/12/2016,343245.22750000074
11/12/2016,343245.22750000074
11/12/2016,343245.22750000074
11/12/2016,343245.22750000074
11/12/2016,343245.22750000074
11/12/2016,343245.22750000074
11/12/2016,343245.22750000074
11/12/2016,343245.22750000074
11/12/2016,343245.22750000074
11/12/2017,346156.6135000006
11/12/2017,346156.6135000006
11/12/2017,346156.6135000006
11/12/2017,346156.6135000006
11/12/2017,346156.6135000006
11/12/2017,346156.6135000006
11/12/2017,346156.6135000006
11/12/2017,346156.6135000006
11/12/2017,346156.6135000006
11/12/2017,346156.6135000006
11/12/2017,346156.6135000006
11/12/2017,346156.6135000006
11/12/2017,346156.6135000006
11/12/2017,346156.6135000006
11/12/2017,346156.6135000006
11/12/2017,346156.6135000006
11/12/2017,346156.6135000006
11/12/2017,346156.6135000006
11/12/2017,346156.6135000006
11/12/2017,346156.6135000006
11/12/2017,346156.6135000006
11/12/2017,346156.6135000006
11/12/2017,346156.6135000006
11/12/2017,346156.6135000006
11/12/2017,346156.6135000006
11/12/2017,346156.6135000006
11/12/2017,346156.6135000006
11/12/2017,346156.6135000006
11/12/2017,346156.6135000006
11/12/2017,346156.6135000006
11/13/2015,349747.69070000056
11/13/2015,349747.69070000056
11/13/2015,349747.69070000056
11/13/2015,349747.69070000056
11/13/2015,349747.69070000056
11/13/2015,349747.69070000056
11/13/2015,349747.69070000056
11/13/2015,349747.69070000056
11/13/2015,349747.69070000056
11/13/2015,349747.69070000056
11/13/2015,349747.69070000056
11/13/2015,349747.69070000056
11/13/2015,349747.69070000056
11/13/2015,349747.69070000056
11/13/2015,349747.69070000056
11/13/2015,349747.69070000056
11/13/2015,349747.69070000056
11/13/2015,349747.69070000056
11/13/2015,349747.69070000056
11/13/2015,349747.69070000056
11/13/2015,349747.69070000056
11/13/2016,352692.82870000054
11/13/2016,352692.82870000054
11/13/2016,352692.82870000054
11/13/2016,352692.82870000054
11/13/2016,352692.82870000054
11/13/2016,352692.82870000054
11/13/2016,352692.82870000054
11/13/2016,352692.82870000054
11/13/2016,352692.82870000054
11/13/2016,352692.82870000054
11/13/2016,352692.82870000054
11/13/2016,352692.82870000054
11/13/2016,352692.82870000054
11/13/2017,359326.2489000006
11/13/2017,359326.2489000006
11/13/2017,359326.2489000006
11/13/2017,359326.2489000006
11/13/2017,359326.2489000006
11/13/2017,359326.2489000006
11/13/2017,359326.2489000006
11/13/2017,359326.2489000006
11/13/2017,359326.2489000006
11/13/2017,359326.2489000006
11/13/2017,359326.2489000006
11/13/2017,359326.2489000006
11/13/2017,359326.2489000006
11/13/2017,359326.2489000006
11/13/2017,359326.2489000006
11/13/2017,359326.2489000006
11/13/2017,359326.2489000006
11/13/2017,359326.2489000006
11/13/2017,359326.2489000006
11/13/2017,359326.2489000006
11/13/2017,359326.2489000006
11/13/2017,359326.2489000006
11/14/2014,360360.97890000057
11/14/2014,360360.97890000057
11/14/2014,360360.97890000057
11/14/2014,360360.97890000057
11/14/2014,360360.97890000057
11/14/2014,360360.97890000057
11/14/2014,360360.97890000057
11/14/2014,360360.97890000057
11/14/2015,362873.6889000006
11/14/2015,362873.6889000006
11/14/2015,362873.6889000006
11/14/2015,362873.6889000006
11/14/2015,362873.6889000006
11/14/2015,362873.6889000006
11/14/2015,362873.6889000006
11/14/2015,362873.6889000006
11/14/2015,362873.6889000006
11/14/2015,362873.6889000006
11/14/2015,362873.6889000006
11/14/2015,362873.6889000006
11/14/2015,362873.6889000006
11/14/2016,365647.7509000006
11/14/2016,365647.7509000006
11/14/2016,365647.7509000006
11/14/2016,365647.7509000006
11/14/2016,365647.7509000006
11/14/2016,365647.7509000006
11/14/2016,365647.7509000006
11/14/2016,365647.7509000006
11/14/2016,365647.7509000006
11/14/2016,365647.7509000006
11/14/2016,365647.7509000006
11/14/2016,365647.7509000006
11/14/2016,365647.7509000006
11/14/2016,365647.7509000006
11/14/2016,365647.7509000006
11/14/2016,365647.7509000006
11/14/2017,366482.4089000006
11/14/2017,366482.4089000006
11/14/2017,366482.4089000006
11/14/2017,366482.4089000006
11/14/2017,366482.4089000006
11/14/2017,366482.4089000006
11/14/2017,366482.4089000006
11/14/2017,366482.4089000006
11/14/2017,366482.4089000006
11/14/2017,366482.4089000006
11/15/2014,368263.2309000006
11/15/2014,368263.2309000006
11/15/2014,368263.2309000006
11/15/2014,368263.2309000006
11/15/2014,368263.2309000006
11/15/2014,368263.2309000006
11/15/2014,368263.2309000006
11/15/2014,368263.2309000006
11/15/2015,368965.4009000006
11/15/2015,368965.4009000006
11/15/2015,368965.4009000006
11/15/2015,368965.4009000006
11/15/2015,368965.4009000006
11/15/2015,368965.4009000006
11/15/2015,368965.4009000006
11/15/2015,368965.4009000006
11/15/2016,371111.1189000006
11/15/2016,371111.1189000006
11/15/2016,371111.1189000006
11/15/2016,371111.1189000006
11/15/2016,371111.1189000006
11/15/2017,371670.3189000006
11/15/2017,371670.3189000006
11/16/2014,373026.2474000005
11/16/2014,373026.2474000005
11/16/2014,373026.2474000005
11/16/2014,373026.2474000005
11/16/2014,373026.2474000005
11/16/2014,373026.2474000005
11/16/2014,373026.2474000005
11/16/2014,373026.2474000005
11/16/2014,373026.2474000005
11/16/2014,373026.2474000005
11/16/2015,377098.5814000006
11/16/2015,377098.5814000006
11/16/2015,377098.5814000006
11/16/2015,377098.5814000006
11/16/2015,377098.5814000006
11/16/2015,377098.5814000006
11/16/2015,377098.5814000006
11/16/2015,377098.5814000006
11/16/2015,377098.5814000006
11/16/2015,377098.5814000006
11/16/2015,377098.5814000006
11/16/2015,377098.5814000006
11/16/2016,377135.30140000064
11/16/2016,377135.30140000064
11/16/2017,381890.5354000007
11/16/2017,381890.5354000007
11/16/2017,381890.5354000007
11/16/2017,381890.5354000007
11/16/2017,381890.5354000007
11/16/2017,381890.5354000007
11/16/2017,381890.5354000007
11/16/2017,381890.5354000007
11/16/2017,381890.5354000007
11/16/2017,381890.5354000007
11/16/2017,381890.5354000007
11/16/2017,381890.5354000007
11/16/2017,381890.5354000007
11/16/2017,381890.5354000007
11/16/2017,381890.5354000007
11/16/2017,381890.5354000007
11/16/2017,381890.5354000007
11/16/2017,381890.5354000007
11/17/2014,393434.8094000007
11/17/2014,393434.8094000007
11/17/2014,393434.8094000007
11/17/2014,393434.8094000007
11/17/2014,393434.8094000007
11/17/2014,393434.8094000007
11/17/2014,393434.8094000007
11/17/2014,393434.8094000007
11/17/2014,393434.8094000007
11/17/2014,393434.8094000007
11/17/2014,393434.8094000007
11/17/2014,393434.8094000007
11/17/2014,393434.8094000007
11/17/2015,397320.7954000008
11/17/2015,397320.7954000008
11/17/2015,397320.7954000008
11/17/2015,397320.7954000008
11/17/2015,397320.7954000008
11/17/2015,397320.7954000008
11/17/2015,397320.7954000008
11/17/2015,397320.7954000008
11/17/2015,397320.7954000008
11/17/2015,397320.7954000008
11/17/2015,397320.7954000008
11/17/2016,397463.4794000008
11/17/2016,397463.4794000008
11/17/2016,397463.4794000008
11/17/2016,397463.4794000008
11/17/2017,411158.36220000073
11/17/2017,411158.36220000073
11/17/2017,411158.36220000073
11/17/2017,411158.36220000073
11/17/2017,411158.36220000073
11/17/2017,411158.36220000073
11/17/2017,411158.36220000073
11/17/2017,411158.36220000073
11/17/2017,411158.36220000073
11/17/2017,411158.36220000073
11/17/2017,411158.36220000073
11/17/2017,411158.36220000073
11/17/2017,411158.36220000073
11/17/2017,411158.36220000073
11/17/2017,411158.36220000073
11/17/2017,411158.36220000073
11/18/2014,414565.2172000006
11/18/2014,414565.2172000006
11/18/2014,414565.2172000006
11/18/2014,414565.2172000006
11/18/2014,414565.2172000006
11/18/2014,414565.2172000006
11/18/2014,414565.2172000006
11/18/2014,414565.2172000006
11/18/2014,414565.2172000006
11/18/2014,414565.2172000006
11/18/2014,414565.2172000006
11/18/2014,414565.2172000006
11/18/2014,414565.2172000006
11/18/2014,414565.2172000006
11/18/2014,414565.2172000006
11/18/2014,414565.2172000006
11/18/2014,414565.2172000006
11/18/2014,414565.2172000006
11/18/2014,414565.2172000006
11/18/2014,414565.2172000006
11/18/2016,418524.1492000006
11/18/2016,418524.1492000006
11/18/2016,418524.1492000006
11/18/2016,418524.1492000006
11/18/2016,418524.1492000006
11/18/2016,418524.1492000006
11/18/2016,418524.1492000006
11/18/2016,418524.1492000006
11/18/2016,418524.1492000006
11/18/2016,418524.1492000006
11/18/2016,418524.1492000006
11/18/2016,418524.1492000006
11/18/2017,419993.9052000007
11/18/2017,419993.9052000007
11/18/2017,419993.9052000007
11/18/2017,419993.9052000007
11/18/2017,419993.9052000007
11/18/2017,419993.9052000007
11/18/2017,419993.9052000007
11/18/2017,419993.9052000007
11/18/2017,419993.9052000007
11/18/2017,419993.9052000007
11/18/2017,419993.9052000007
11/18/2017,419993.9052000007
11/18/2017,419993.9052000007
11/18/2017,419993.9052000007
11/18/2017,419993.9052000007
11/18/2017,419993.9052000007
11/18/2017,419993.9052000007
11/18/2017,419993.9052000007
11/18/2017,419993.9052000007
11/18/2017,419993.9052000007
11/18/2017,419993.9052000007
11/19/2014,427219.9912000007
11/19/2014,427219.9912000007
11/19/2014,427219.9912000007
11/19/2014,427219.9912000007
11/19/2014,427219.9912000007
11/19/2014,427219.9912000007
11/19/2014,427219.9912000007
11/19/2014,427219.9912000007
11/19/2014,427219.9912000007
11/19/2014,427219.9912000007
11/19/2014,427219.9912000007
11/19/2014,427219.9912000007
11/19/2014,427219.9912000007
11/19/2015,428260.77520000073
11/19/2015,428260.77520000073
11/19/2015,428260.77520000073
11/19/2015,428260.77520000073
11/19/2016,428899.23720000085
11/19/2016,428899.23720000085
11/19/2016,428899.23720000085
11/19/2016,428899.23720000085
11/19/2016,428899.23720000085
11/19/2016,428899.23720000085
11/19/2016,428899.23720000085
11/19/2016,428899.23720000085
11/19/2016,428899.23720000085
11/19/2016,428899.23720000085
11/19/2016,428899.23720000085
11/19/2016,428899.23720000085
11/19/2016,428899.23720000085
11/19/2016,428899.23720000085
11/19/2016,428899.23720000085
11/19/2016,428899.23720000085
11/19/2016,428899.23720000085
11/19/2016,428899.23720000085
11/19/2017,436296.50920000096
11/19/2017,436296.50920000096
11/19/2017,436296.50920000096
11/19/2017,436296.50920000096
11/19/2017,436296.50920000096
11/19/2017,436296.50920000096
11/19/2017,436296.50920000096
11/19/2017,436296.50920000096
11/19/2017,436296.50920000096
11/19/2017,436296.50920000096
11/19/2017,436296.50920000096
11/19/2017,436296.50920000096
11/19/2017,436296.50920000096
11/19/2017,436296.50920000096
11/19/2017,436296.50920000096
11/19/2017,436296.50920000096
11/19/2017,436296.50920000096
11/19/2017,436296.50920000096
11/19/2017,436296.50920000096
11/19/2017,436296.50920000096
11/19/2017,436296.50920000096
11/19/2017,436296.50920000096
11/19/2017,436296.50920000096
11/19/2017,436296.50920000096
11/19/2017,436296.50920000096
11/19/2017,436296.50920000096
11/2/2014,438422.879200001
11/2/2014,438422.879200001
11/2/2014,438422.879200001
11/2/2014,438422.879200001
11/2/2014,438422.879200001
11/2/2014,438422.879200001
11/2/2014,438422.879200001
11/2/2014,438422.879200001
11/2/2014,438422.879200001
11/2/2014,438422.879200001
11/2/2014,438422.879200001
11/2/2015,443951.43020000105
11/2/2015,443951.43020000105
11/2/2015,443951.43020000105
11/2/2015,443951.43020000105
11/2/2015,443951.43020000105
11/2/2015,443951.43020000105
11/2/2015,443951.43020000105
11/2/2015,443951.43020000105
11/2/2015,443951.43020000105
11/2/2015,443951.43020000105
11/2/2015,443951.43020000105
11/2/2017,450245.81620000105
11/2/2017,450245.81620000105
11/2/2017,450245.81620000105
11/2/2017,450245.81620000105
11/2/2017,450245.81620000105
11/2/2017,450245.81620000105
11/2/2017,450245.81620000105
11/2/2017,450245.81620000105
11/2/2017,450245.81620000105
11/2/2017,450245.81620000105
11/2/2017,450245.81620000105
11/2/2017,450245.81620000105
11/2/2017,450245.81620000105
11/2/2017,450245.81620000105
11/2/2017,450245.81620000105
11/2/2017,450245.81620000105
11/2/2017,450245.81620000105
11/2/2017,450245.81620000105
11/2/2017,450245.81620000105
11/2/2017,450245.81620000105
11/2/2017,450245.81620000105
11/2/2017,450245.81620000105
11/2/2017,450245.81620000105
11/2/2017,450245.81620000105
11/2/2017,450245.81620000105
11/20/2014,451153.37620000105
11/20/2014,451153.37620000105
11/20/2014,451153.37620000105
11/20/2014,451153.37620000105
11/20/2015,454014.5262000011
11/20/2015,454014.5262000011
11/20/2015,454014.5262000011
11/20/2015,454014.5262000011
11/20/2015,454014.5262000011
11/20/2015,454014.5262000011
11/20/2015,454014.5262000011
11/20/2015,454014.5262000011
11/20/2015,454014.5262000011
11/20/2015,454014.5262000011
11/20/2015,454014.5262000011
11/20/2015,454014.5262000011
11/20/2015,454014.5262000011
11/20/2015,454014.5262000011
11/20/2015,454014.5262000011
11/20/2015,454014.5262000011
11/20/2015,454014.5262000011
11/20/2015,454014.5262000011
11/20/2015,454014.5262000011
11/20/2015,454014.5262000011
11/20/2015,454014.5262000011
11/20/2015,454014.5262000011
11/20/2015,454014.5262000011
11/20/2015,454014.5262000011
11/20/2015,454014.5262000011
11/20/2016,457084.8592000011
11/20/2016,457084.8592000011
11/20/2016,457084.8592000011
11/20/2016,457084.8592000011
11/20/2016,457084.8592000011
11/20/2016,457084.8592000011
11/20/2016,457084.8592000011
11/20/2016,457084.8592000011
11/20/2016,457084.8592000011
11/20/2016,457084.8592000011
11/20/2016,457084.8592000011
11/20/2016,457084.8592000011
11/20/2016,457084.8592000011
11/20/2016,457084.8592000011
11/20/2016,457084.8592000011
11/20/2016,457084.8592000011
11/20/2016,457084.8592000011
11/20/2016,457084.8592000011
11/20/2016,457084.8592000011
11/20/2016,457084.8592000011
11/20/2016,457084.8592000011
11/20/2016,457084.8592000011
11/20/2017,460073.133200001
11/20/2017,460073.133200001
11/20/2017,460073.133200001
11/20/2017,460073.133200001
11/20/2017,460073.133200001
11/20/2017,460073.133200001
11/20/2017,460073.133200001
11/20/2017,460073.133200001
11/20/2017,460073.133200001
11/20/2017,460073.133200001
11/20/2017,460073.133200001
11/20/2017,460073.133200001
11/20/2017,460073.133200001
11/20/2017,460073.133200001
11/20/2017,460073.133200001
11/20/2017,460073.133200001
11/20/2017,460073.133200001
11/21/2014,461322.755200001
11/21/2014,461322.755200001
11/21/2014,461322.755200001
11/21/2014,461322.755200001
11/21/2014,461322.755200001
11/21/2014,461322.755200001
11/21/2014,461322.755200001
11/21/2014,461322.755200001
11/21/2014,461322.755200001
11/21/2015,464936.330000001
11/21/2015,464936.330000001
11/21/2015,464936.330000001
11/21/2015,464936.330000001
11/21/2015,464936.330000001
11/21/2015,464936.330000001
11/21/2015,464936.330000001
11/21/2015,464936.330000001
11/21/2015,464936.330000001
11/21/2015,464936.330000001
11/21/2015,464936.330000001
11/21/2015,464936.330000001
11/21/2015,464936.330000001
11/21/2015,464936.330000001
11/21/2015,464936.330000001
11/21/2015,464936.330000001
11/21/2015,464936.330000001
11/21/2015,464936.330000001
11/21/2015,464936.330000001
11/21/2015,464936.330000001
11/21/2015,464936.330000001
11/21/2016,466113.22100000107
11/21/2016,466113.22100000107
11/21/2016,466113.22100000107
11/21/2016,466113.22100000107
11/21/2016,466113.22100000107
11/21/2016,466113.22100000107
11/21/2016,466113.22100000107
11/21/2016,466113.22100000107
11/21/2016,466113.22100000107
11/21/2016,466113.22100000107
11/21/2016,466113.22100000107
11/21/2016,466113.22100000107
11/21/2017,468349.405000001
11/21/2017,468349.405000001
11/21/2017,468349.405000001
11/21/2017,468349.405000001
11/21/2017,468349.405000001
11/21/2017,468349.405000001
11/21/2017,468349.405000001
11/21/2017,468349.405000001
11/21/2017,468349.405000001
11/21/2017,468349.405000001
11/21/2017,468349.405000001
11/21/2017,468349.405000001
11/21/2017,468349.405000001
11/21/2017,468349.405000001
11/21/2017,468349.405000001
11/22/2014,469452.703000001
11/22/2014,469452.703000001
11/22/2014,469452.703000001
11/22/2014,469452.703000001
11/22/2014,469452.703000001
11/22/2014,469452.703000001
11/22/2014,469452.703000001
11/22/2014,469452.703000001
11/22/2015,470067.202000001
11/22/2015,470067.202000001
11/22/2015,470067.202000001
11/22/2015,470067.202000001
11/22/2015,470067.202000001
11/22/2015,470067.202000001
11/22/2015,470067.202000001
11/22/2015,470067.202000001
11/22/2015,470067.202000001
11/22/2015,470067.202000001
11/22/2015,470067.202000001
11/22/2015,470067.202000001
11/22/2015,470067.202000001
11/22/2015,470067.202000001
11/22/2016,470384.246000001
11/22/2016,470384.246000001
11/22/2016,470384.246000001
11/22/2016,470384.246000001
11/22/2016,470384.246000001
11/22/2016,470384.246000001
11/22/2016,470384.246000001
11/22/2016,470384.246000001
11/22/2016,470384.246000001
11/22/2016,470384.246000001
11/22/2017,470419.958000001
11/23/2014,471783.23800000094
11/23/2014,471783.23800000094
11/23/2014,471783.23800000094
11/23/2014,471783.23800000094
11/23/2014,471783.23800000094
11/23/2014,471783.23800000094
11/23/2014,471783.23800000094
11/23/2014,471783.23800000094
11/23/2014,471783.23800000094
11/23/2014,471783.23800000094
11/23/2014,471783.23800000094
11/23/2014,471783.23800000094
11/23/2015,475233.4260000009
11/23/2015,475233.4260000009
11/23/2015,475233.4260000009
11/23/2015,475233.4260000009
11/23/2015,475233.4260000009
11/23/2015,475233.4260000009
11/23/2015,475233.4260000009
11/23/2015,475233.4260000009
11/23/2015,475233.4260000009
11/23/2015,475233.4260000009
11/23/2016,475334.0420000009
11/23/2016,475334.0420000009
11/23/2016,475334.0420000009
11/23/2017,476487.151000001
11/23/2017,476487.151000001
11/23/2017,476487.151000001
11/23/2017,476487.151000001
11/23/2017,476487.151000001
11/23/2017,476487.151000001
11/23/2017,476487.151000001
11/23/2017,476487.151000001
11/23/2017,476487.151000001
11/23/2017,476487.151000001
11/23/2017,476487.151000001
11/23/2017,476487.151000001
11/23/2017,476487.151000001
11/23/2017,476487.151000001
11/23/2017,476487.151000001
11/23/2017,476487.151000001
11/23/2017,476487.151000001
11/24/2014,482065.75700000103
11/24/2014,482065.75700000103
11/24/2014,482065.75700000103
11/24/2014,482065.75700000103
11/24/2014,482065.75700000103
11/24/2014,482065.75700000103
11/24/2014,482065.75700000103
11/24/2014,482065.75700000103
11/24/2014,482065.75700000103
11/24/2014,482065.75700000103
11/24/2014,482065.75700000103
11/24/2014,482065.75700000103
11/24/2014,482065.75700000103
11/24/2014,482065.75700000103
11/24/2014,482065.75700000103
11/24/2014,482065.75700000103
11/24/2014,482065.75700000103
11/24/2014,482065.75700000103
11/24/2014,482065.75700000103
11/24/2015,483284.521000001
11/24/2015,483284.521000001
11/24/2015,483284.521000001
11/24/2015,483284.521000001
11/24/2015,483284.521000001
11/24/2015,483284.521000001
11/24/2015,483284.521000001
11/24/2015,483284.521000001
11/24/2015,483284.521000001
11/24/2015,483284.521000001
11/24/2016,489679.05900000106
11/24/2016,489679.05900000106
11/24/2016,489679.05900000106
11/24/2016,489679.05900000106
11/24/2016,489679.05900000106
11/24/2016,489679.05900000106
11/24/2016,489679.05900000106
11/24/2016,489679.05900000106
11/24/2016,489679.05900000106
11/24/2016,489679.05900000106
11/24/2016,489679.05900000106
11/24/2016,489679.05900000106
11/24/2016,489679.05900000106
11/24/2016,489679.05900000106
11/24/2016,489679.05900000106
11/24/2016,489679.05900000106
11/24/2016,489679.05900000106
11/24/2016,489679.05900000106
11/24/2016,489679.05900000106
11/24/2016,489679.05900000106
11/24/2016,489679.05900000106
11/24/2016,489679.05900000106
11/24/2016,489679.05900000106
11/24/2016,489679.05900000106
11/24/2016,489679.05900000106
11/24/2016,489679.05900000106
11/24/2016,489679.05900000106
11/24/2017,494638.7000000012
11/24/2017,494638.7000000012
11/24/2017,494638.7000000012
11/24/2017,494638.7000000012
11/24/2017,494638.7000000012
11/24/2017,494638.7000000012
11/24/2017,494638.7000000012
11/24/2017,494638.7000000012
11/24/2017,494638.7000000012
11/24/2017,494638.7000000012
11/24/2017,494638.7000000012
11/24/2017,494638.7000000012
11/24/2017,494638.7000000012
11/24/2017,494638.7000000012
11/24/2017,494638.7000000012
11/24/2017,494638.7000000012
11/24/2017,494638.7000000012
11/24/2017,494638.7000000012
11/24/2017,494638.7000000012
11/24/2017,494638.7000000012
11/24/2017,494638.7000000012
11/24/2017,494638.7000000012
11/24/2017,494638.7000000012
11/24/2017,494638.7000000012
11/24/2017,494638.7000000012
11/25/2014,499054.3950000012
11/25/2014,499054.3950000012
11/25/2014,499054.3950000012
11/25/2014,499054.3950000012
11/25/2014,499054.3950000012
11/25/2014,499054.3950000012
11/25/2014,499054.3950000012
11/25/2014,499054.3950000012
11/25/2014,499054.3950000012
11/25/2014,499054.3950000012
11/25/2014,499054.3950000012
11/25/2014,499054.3950000012
11/25/2014,499054.3950000012
11/25/2014,499054.3950000012
11/25/2014,499054.3950000012
11/25/2014,499054.3950000012
11/25/2015,499067.5150000012
11/25/2016,507046.06600000116
11/25/2016,507046.06600000116
11/25/2016,507046.06600000116
11/25/2016,507046.06600000116
11/25/2016,507046.06600000116
11/25/2016,507046.06600000116
11/25/2016,507046.06600000116
11/25/2016,507046.06600000116
11/25/2016,507046.06600000116
11/25/2016,507046.06600000116
11/25/2016,507046.06600000116
11/25/2016,507046.06600000116
11/25/2017,510712.2230000012
11/25/2017,510712.2230000012
11/25/2017,510712.2230000012
11/25/2017,510712.2230000012
11/25/2017,510712.2230000012
11/25/2017,510712.2230000012
11/25/2017,510712.2230000012
11/25/2017,510712.2230000012
11/25/2017,510712.2230000012
11/25/2017,510712.2230000012
11/25/2017,510712.2230000012
11/25/2017,510712.2230000012
11/25/2017,510712.2230000012
11/26/2014,512418.21300000127
11/26/2014,512418.21300000127
11/26/2014,512418.21300000127
11/26/2014,512418.21300000127
11/26/2014,512418.21300000127
11/26/2014,512418.21300000127
11/26/2014,512418.21300000127
11/26/2014,512418.21300000127
11/26/2014,512418.21300000127
11/26/2014,512418.21300000127
11/26/2014,512418.21300000127
11/26/2014,512418.21300000127
11/26/2014,512418.21300000127
11/26/2014,512418.21300000127
11/26/2015,513902.29500000126
11/26/2015,513902.29500000126
11/26/2015,513902.29500000126
11/26/2015,513902.29500000126
11/26/2015,513902.29500000126
11/26/2015,513902.29500000126
11/26/2016,522232.0380000012
11/26/2016,522232.0380000012
11/26/2016,522232.0380000012
11/26/2016,522232.0380000012
11/26/2016,522232.0380000012
11/26/2016,522232.0380000012
11/26/2016,522232.0380000012
11/26/2016,522232.0380000012
11/26/2016,522232.0380000012
11/26/2016,522232.0380000012
11/26/2016,522232.0380000012
11/26/2016,522232.0380000012
11/26/2016,522232.0380000012
11/26/2016,522232.0380000012
11/26/2016,522232.0380000012
11/26/2016,522232.0380000012
11/26/2017,527280.2100000011
11/26/2017,527280.2100000011
11/26/2017,527280.2100000011
11/26/2017,527280.2100000011
11/26/2017,527280.2100000011
11/26/2017,527280.2100000011
11/26/2017,527280.2100000011
11/26/2017,527280.2100000011
11/26/2017,527280.2100000011
11/26/2017,527280.2100000011
11/26/2017,527280.2100000011
11/26/2017,527280.2100000011
11/26/2017,527280.2100000011
11/26/2017,527280.2100000011
11/26/2017,527280.2100000011
11/26/2017,527280.2100000011
11/27/2014,527483.8700000012
11/27/2014,527483.8700000012
11/27/2015,530593.653500001
11/27/2015,530593.653500001
11/27/2015,530593.653500001
11/27/2015,530593.653500001
11/27/2015,530593.653500001
11/27/2015,530593.653500001
11/27/2015,530593.653500001
11/27/2015,530593.653500001
11/27/2015,530593.653500001
11/27/2015,530593.653500001
11/27/2015,530593.653500001
11/27/2015,530593.653500001
11/27/2015,530593.653500001
11/27/2015,530593.653500001
11/27/2015,530593.653500001
11/27/2015,530593.653500001
11/27/2015,530593.653500001
11/27/2016,532244.892500001
11/27/2016,532244.892500001
11/27/2016,532244.892500001
11/27/2016,532244.892500001
11/27/2016,532244.892500001
11/27/2016,532244.892500001
11/27/2016,532244.892500001
11/27/2016,532244.892500001
11/27/2016,532244.892500001
11/27/2016,532244.892500001
11/27/2016,532244.892500001
11/27/2016,532244.892500001
11/27/2016,532244.892500001
11/27/2016,532244.892500001
11/27/2017,533863.146500001
11/27/2017,533863.146500001
11/27/2017,533863.146500001
11/27/2017,533863.146500001
11/27/2017,533863.146500001
11/27/2017,533863.146500001
11/27/2017,533863.146500001
11/27/2017,533863.146500001
11/27/2017,533863.146500001
11/27/2017,533863.146500001
11/27/2017,533863.146500001
11/27/2017,533863.146500001
11/27/2017,533863.146500001
11/28/2014,536143.9765000012
11/28/2014,536143.9765000012
11/28/2014,536143.9765000012
11/28/2014,536143.9765000012
11/28/2014,536143.9765000012
11/28/2014,536143.9765000012
11/28/2014,536143.9765000012
11/28/2014,536143.9765000012
11/28/2014,536143.9765000012
11/28/2014,536143.9765000012
11/28/2014,536143.9765000012
11/28/2014,536143.9765000012
11/28/2014,536143.9765000012
11/28/2015,538008.4585000012
11/28/2015,538008.4585000012
11/28/2015,538008.4585000012
11/28/2015,538008.4585000012
11/28/2015,538008.4585000012
11/28/2015,538008.4585000012
11/28/2015,538008.4585000012
11/28/2015,538008.4585000012
11/28/2015,538008.4585000012
11/28/2015,538008.4585000012
11/28/2015,538008.4585000012
11/28/2015,538008.4585000012
11/28/2015,538008.4585000012
11/28/2016,541436.8305000014
11/28/2016,541436.8305000014
11/28/2016,541436.8305000014
11/28/2016,541436.8305000014
11/28/2016,541436.8305000014
11/28/2016,541436.8305000014
11/28/2016,541436.8305000014
11/28/2016,541436.8305000014
11/28/2016,541436.8305000014
11/28/2016,541436.8305000014
11/28/2016,541436.8305000014
11/28/2017,548349.7745000015
11/28/2017,548349.7745000015
11/28/2017,548349.7745000015
11/28/2017,548349.7745000015
11/28/2017,548349.7745000015
11/28/2017,548349.7745000015
11/28/2017,548349.7745000015
11/28/2017,548349.7745000015
11/28/2017,548349.7745000015
11/28/2017,548349.7745000015
11/28/2017,548349.7745000015
11/28/2017,548349.7745000015
11/29/2014,548998.8185000016
11/29/2014,548998.8185000016
11/29/2014,548998.8185000016
11/29/2014,548998.8185000016
11/29/2014,548998.8185000016
11/29/2015,551758.9865000015
11/29/2015,551758.9865000015
11/29/2015,551758.9865000015
11/29/2015,551758.9865000015
11/29/2015,551758.9865000015
11/29/2015,551758.9865000015
11/29/2015,551758.9865000015
11/29/2015,551758.9865000015
11/29/2015,551758.9865000015
11/29/2015,551758.9865000015
11/29/2016,552059.5785000015
11/29/2016,552059.5785000015
11/29/2017,552551.4665000015
11/29/2017,552551.4665000015
11/3/2014,555335.6295000014
11/3/2014,555335.6295000014
11/3/2014,555335.6295000014
11/3/2014,555335.6295000014
11/3/2014,555335.6295000014
11/3/2014,555335.6295000014
11/3/2014,555335.6295000014
11/3/2014,555335.6295000014
11/3/2014,555335.6295000014
11/3/2014,555335.6295000014
11/3/2014,555335.6295000014
11/3/2014,555335.6295000014
11/3/2014,555335.6295000014
11/3/2014,555335.6295000014
11/3/2015,558136.4755000013
11/3/2015,558136.4755000013
11/3/2015,558136.4755000013
11/3/2015,558136.4755000013
11/3/2015,558136.4755000013
11/3/2016,561939.2715000012
11/3/2016,561939.2715000012
11/3/2016,561939.2715000012
11/3/2016,561939.2715000012
11/3/2016,561939.2715000012
11/3/2016,561939.2715000012
11/3/2016,561939.2715000012
11/3/2016,561939.2715000012
11/3/2016,561939.2715000012
11/3/2016,561939.2715000012
11/3/2016,561939.2715000012
11/3/2016,561939.2715000012
11/3/2016,561939.2715000012
11/3/2016,561939.2715000012
11/3/2016,561939.2715000012
11/3/2016,561939.2715000012
11/3/2016,561939.2715000012
11/3/2016,561939.2715000012
11/3/2016,561939.2715000012
11/3/2016,561939.2715000012
11/3/2016,561939.2715000012
11/3/2016,561939.2715000012
11/3/2016,561939.2715000012
11/3/2016,561939.2715000012
11/3/2017,566476.2085000013
11/3/2017,566476.2085000013
11/3/2017,566476.2085000013
11/3/2017,566476.2085000013
11/3/2017,566476.2085000013
11/3/2017,566476.2085000013
11/3/2017,566476.2085000013
11/3/2017,566476.2085000013
11/3/2017,566476.2085000013
11/3/2017,566476.2085000013
11/3/2017,566476.2085000013
11/3/2017,566476.2085000013
11/3/2017,566476.2085000013
11/3/2017,566476.2085000013
11/3/2017,566476.2085000013
11/3/2017,566476.2085000013
11/3/2017,566476.2085000013
11/3/2017,566476.2085000013
11/3/2017,566476.2085000013
11/3/2017,566476.2085000013
11/3/2017,566476.2085000013
11/3/2017,566476.2085000013
11/3/2017,566476.2085000013
11/30/2014,566695.3625000013
11/30/2014,566695.3625000013
11/30/2014,566695.3625000013
11/30/2014,566695.3625000013
11/30/2015,568493.7595000013
11/30/2015,568493.7595000013
11/30/2015,568493.7595000013
11/30/2015,568493.7595000013
11/30/2015,568493.7595000013
11/30/2015,568493.7595000013
11/30/2015,568493.7595000013
11/30/2015,568493.7595000013
11/30/2015,568493.7595000013
11/30/2015,568493.7595000013
11/30/2015,568493.7595000013
11/30/2015,568493.7595000013
11/30/2015,568493.7595000013
11/30/2015,568493.7595000013
11/30/2015,568493.7595000013
11/30/2016,569463.9015000013
11/30/2016,569463.9015000013
11/30/2016,569463.9015000013
11/30/2016,569463.9015000013
11/30/2016,569463.9015000013
11/30/2017,576109.1835000014
11/30/2017,576109.1835000014
11/30/2017,576109.1835000014
11/30/2017,576109.1835000014
11/30/2017,576109.1835000014
11/30/2017,576109.1835000014
11/30/2017,576109.1835000014
11/30/2017,576109.1835000014
11/30/2017,576109.1835000014
11/30/2017,576109.1835000014
11/30/2017,576109.1835000014
11/30/2017,576109.1835000014
11/30/2017,576109.1835000014
11/30/2017,576109.1835000014
11/30/2017,576109.1835000014
11/4/2014,582802.9315000012
11/4/2014,582802.9315000012
11/4/2014,582802.9315000012
11/4/2014,582802.9315000012
11/4/2014,582802.9315000012
11/4/2014,582802.9315000012
11/4/2014,582802.9315000012
11/4/2014,582802.9315000012
11/4/2014,582802.9315000012
11/4/2014,582802.9315000012
11/4/2014,582802.9315000012
11/4/2014,582802.9315000012
11/4/2014,582802.9315000012
11/4/2014,582802.9315000012
11/4/2014,582802.9315000012
11/4/2016,586691.7495000015
11/4/2016,586691.7495000015
11/4/2016,586691.7495000015
11/4/2016,586691.7495000015
11/4/2016,586691.7495000015
11/4/2016,586691.7495000015
11/4/2016,586691.7495000015
11/4/2016,586691.7495000015
11/4/2016,586691.7495000015
11/4/2016,586691.7495000015
11/4/2016,586691.7495000015
11/4/2016,586691.7495000015
11/4/2016,586691.7495000015
11/4/2016,586691.7495000015
11/4/2016,586691.7495000015
11/4/2016,586691.7495000015
11/4/2016,586691.7495000015
11/4/2016,586691.7495000015
11/4/2016,586691.7495000015
11/4/2016,586691.7495000015
11/4/2017,597359.8455000013
11/4/2017,597359.8455000013
11/4/2017,597359.8455000013
11/4/2017,597359.8455000013
11/4/2017,597359.8455000013
11/4/2017,597359.8455000013
11/4/2017,597359.8455000013
11/4/2017,597359.8455000013
11/4/2017,597359.8455000013
11/4/2017,597359.8455000013
11/4/2017,597359.8455000013
11/4/2017,597359.8455000013
11/4/2017,597359.8455000013
11/4/2017,597359.8455000013
11/4/2017,597359.8455000013
11/4/2017,597359.8455000013
11/4/2017,597359.8455000013
11/5/2014,599054.4095000015
11/5/2014,599054.4095000015
11/5/2014,599054.4095000015
11/5/2014,599054.4095000015
11/5/2014,599054.4095000015
11/5/2014,599054.4095000015
11/5/2014,599054.4095000015
11/5/2014,599054.4095000015
11/5/2015,599889.2835000015
11/5/2015,599889.2835000015
11/5/2015,599889.2835000015
11/5/2015,599889.2835000015
11/5/2015,599889.2835000015
11/5/2015,599889.2835000015
11/5/2015,599889.2835000015
11/5/2015,599889.2835000015
11/5/2016,604156.1823000016
11/5/2016,604156.1823000016
11/5/2016,604156.1823000016
11/5/2016,604156.1823000016
11/5/2016,604156.1823000016
11/5/2016,604156.1823000016
11/5/2016,604156.1823000016
11/5/2016,604156.1823000016
11/5/2016,604156.1823000016
11/5/2016,604156.1823000016
11/5/2016,604156.1823000016
11/5/2016,604156.1823000016
11/5/2016,604156.1823000016
11/5/2016,604156.1823000016
11/5/2016,604156.1823000016
11/5/2016,604156.1823000016
11/5/2016,604156.1823000016
11/5/2016,604156.1823000016
11/5/2016,604156.1823000016
11/5/2017,606511.2463000015
11/5/2017,606511.2463000015
11/5/2017,606511.2463000015
11/5/2017,606511.2463000015
11/5/2017,606511.2463000015
11/5/2017,606511.2463000015
11/5/2017,606511.2463000015
11/5/2017,606511.2463000015
11/5/2017,606511.2463000015
11/5/2017,606511.2463000015
11/5/2017,606511.2463000015
11/5/2017,606511.2463000015
11/5/2017,606511.2463000015
11/5/2017,606511.2463000015
11/5/2017,606511.2463000015
11/5/2017,606511.2463000015
11/5/2017,606511.2463000015
11/5/2017,606511.2463000015
11/6/2014,606554.9263000016
11/6/2015,606566.4073000015
11/6/2015,606566.4073000015
11/6/2016,607339.6633000015
11/6/2016,607339.6633000015
11/6/2016,607339.6633000015
11/6/2016,607339.6633000015
11/6/2016,607339.6633000015
11/6/2016,607339.6633000015
11/6/2016,607339.6633000015
11/6/2017,611628.4133000018
11/6/2017,611628.4133000018
11/6/2017,611628.4133000018
11/6/2017,611628.4133000018
11/6/2017,611628.4133000018
11/6/2017,611628.4133000018
11/6/2017,611628.4133000018
11/6/2017,611628.4133000018
11/6/2017,611628.4133000018
11/6/2017,611628.4133000018
11/6/2017,611628.4133000018
11/6/2017,611628.4133000018
11/6/2017,611628.4133000018
11/6/2017,611628.4133000018
11/6/2017,611628.4133000018
11/6/2017,611628.4133000018
11/6/2017,611628.4133000018
11/6/2017,611628.4133000018
11/6/2017,611628.4133000018
11/6/2017,611628.4133000018
11/6/2017,611628.4133000018
11/6/2017,611628.4133000018
11/6/2017,611628.4133000018
11/6/2017,611628.4133000018
11/6/2017,611628.4133000018
11/6/2017,611628.4133000018
11/6/2017,611628.4133000018
11/7/2014,613077.5553000019
11/7/2014,613077.5553000019
11/7/2014,613077.5553000019
11/7/2014,613077.5553000019
11/7/2014,613077.5553000019
11/7/2014,613077.5553000019
11/7/2014,613077.5553000019
11/7/2014,613077.5553000019
11/7/2014,613077.5553000019
11/7/2014,613077.5553000019
11/7/2014,613077.5553000019
11/7/2014,613077.5553000019
11/7/2014,613077.5553000019
11/7/2014,613077.5553000019
11/7/2015,616150.628300002
11/7/2015,616150.628300002
11/7/2015,616150.628300002
11/7/2015,616150.628300002
11/7/2015,616150.628300002
11/7/2015,616150.628300002
11/7/2015,616150.628300002
11/7/2015,616150.628300002
11/7/2015,616150.628300002
11/7/2015,616150.628300002
11/7/2015,616150.628300002
11/7/2015,616150.628300002
11/7/2015,616150.628300002
11/7/2015,616150.628300002
11/7/2016,619961.0923000018
11/7/2016,619961.0923000018
11/7/2016,619961.0923000018
11/7/2016,619961.0923000018
11/7/2016,619961.0923000018
11/7/2016,619961.0923000018
11/7/2016,619961.0923000018
11/7/2016,619961.0923000018
11/7/2016,619961.0923000018
11/7/2016,619961.0923000018
11/7/2016,619961.0923000018
11/7/2016,619961.0923000018
11/7/2016,619961.0923000018
11/7/2016,619961.0923000018
11/7/2016,619961.0923000018
11/7/2016,619961.0923000018
11/7/2016,619961.0923000018
11/7/2016,619961.0923000018
11/7/2016,619961.0923000018
11/7/2017,622374.4703000017
11/7/2017,622374.4703000017
11/7/2017,622374.4703000017
11/7/2017,622374.4703000017
11/7/2017,622374.4703000017
11/7/2017,622374.4703000017
11/7/2017,622374.4703000017
11/7/2017,622374.4703000017
11/7/2017,622374.4703000017
11/7/2017,622374.4703000017
11/8/2014,622708.0463000017
11/8/2015,634905.0433000016
11/8/2015,634905.0433000016
11/8/2015,634905.0433000016
11/8/2015,634905.0433000016
11/8/2015,634905.0433000016
11/8/2015,634905.0433000016
11/8/2015,634905.0433000016
11/8/2015,634905.0433000016
11/8/2015,634905.0433000016
11/8/2015,634905.0433000016
11/8/2015,634905.0433000016
11/8/2015,634905.0433000016
11/8/2015,634905.0433000016
11/8/2015,634905.0433000016
11/8/2015,634905.0433000016
11/8/2015,634905.0433000016
11/8/2015,634905.0433000016
11/8/2015,634905.0433000016
11/8/2015,634905.0433000016
11/8/2015,634905.0433000016
11/8/2015,634905.0433000016
11/8/2015,634905.0433000016
11/8/2015,634905.0433000016
11/8/2015,634905.0433000016
11/8/2015,634905.0433000016
11/8/2015,634905.0433000016
11/8/2015,634905.0433000016
11/8/2016,635898.9433000016
11/8/2016,635898.9433000016
11/8/2017,636283.0433000015
11/8/2017,636283.0433000015
11/9/2014,637857.1373000016
11/9/2014,637857.1373000016
11/9/2014,637857.1373000016
11/9/2014,637857.1373000016
11/9/2014,637857.1373000016
11/9/2014,637857.1373000016
11/9/2014,637857.1373000016
11/9/2015,642477.4293000014
11/9/2015,642477.4293000014
11/9/2015,642477.4293000014
11/9/2015,642477.4293000014
11/9/2015,642477.4293000014
11/9/2015,642477.4293000014
11/9/2015,642477.4293000014
11/9/2015,642477.4293000014
11/9/2015,642477.4293000014
11/9/2015,642477.4293000014
11/9/2015,642477.4293000014
11/9/2015,642477.4293000014
11/9/2015,642477.4293000014
11/9/2016,642957.3993000013
11/9/2017,647708.8913000014
11/9/2017,647708.8913000014
11/9/2017,647708.8913000014
11/9/2017,647708.8913000014
11/9/2017,647708.8913000014
11/9/2017,647708.8913000014
11/9/2017,647708.8913000014
11/9/2017,647708.8913000014
11/9/2017,647708.8913000014
11/9/2017,647708.8913000014
11/9/2017,647708.8913000014
11/9/2017,647708.8913000014
12/1/2014,653333.2813000012
12/1/2014,653333.2813000012
12/1/2014,653333.2813000012
12/1/2014,653333.2813000012
12/1/2014,653333.2813000012
12/1/2014,653333.2813000012
12/1/2014,653333.2813000012
12/1/2014,653333.2813000012
12/1/2014,653333.2813000012
12/1/2014,653333.2813000012
12/1/2014,653333.2813000012
12/1/2014,653333.2813000012
12/1/2015,660463.8753000012
12/1/2015,660463.8753000012
12/1/2015,660463.8753000012
12/1/2015,660463.8753000012
12/1/2015,660463.8753000012
12/1/2015,660463.8753000012
12/1/2015,660463.8753000012
12/1/2015,660463.8753000012
12/1/2015,660463.8753000012
12/1/2015,660463.8753000012
12/1/2015,660463.8753000012
12/1/2015,660463.8753000012
12/1/2015,660463.8753000012
12/1/2015,660463.8753000012
12/1/2016,667829.3303000013
12/1/2016,667829.3303000013
12/1/2016,667829.3303000013
12/1/2016,667829.3303000013
12/1/2016,667829.3303000013
12/1/2016,667829.3303000013
12/1/2016,667829.3303000013
12/1/2016,667829.3303000013
12/1/2016,667829.3303000013
12/1/2016,667829.3303000013
12/1/2016,667829.3303000013
12/1/2016,667829.3303000013
12/1/2016,667829.3303000013
12/1/2016,667829.3303000013
12/1/2016,667829.3303000013
12/1/2016,667829.3303000013
12/1/2016,667829.3303000013
12/1/2016,667829.3303000013
12/1/2016,667829.3303000013
12/1/2016,667829.3303000013
12/1/2016,667829.3303000013
12/1/2016,667829.3303000013
12/1/2016,667829.3303000013
12/1/2017,673160.5083000017
12/1/2017,673160.5083000017
12/1/2017,673160.5083000017
12/1/2017,673160.5083000017
12/1/2017,673160.5083000017
12/1/2017,673160.5083000017
12/1/2017,673160.5083000017
12/1/2017,673160.5083000017
12/1/2017,673160.5083000017
12/1/2017,673160.5083000017
12/1/2017,673160.5083000017
12/1/2017,673160.5083000017
12/1/2017,673160.5083000017
12/1/2017,673160.5083000017
12/1/2017,673160.5083000017
12/1/2017,673160.5083000017
12/1/2017,673160.5083000017
12/1/2017,673160.5083000017
12/1/2017,673160.5083000017
12/1/2017,673160.5083000017
12/1/2017,673160.5083000017
12/1/2017,673160.5083000017
12/1/2017,673160.5083000017
12/1/2017,673160.5083000017
12/1/2017,673160.5083000017
12/1/2017,673160.5083000017
12/1/2017,673160.5083000017
12/1/2017,673160.5083000017
12/1/2017,673160.5083000017
12/1/2017,673160.5083000017
12/1/2017,673160.5083000017
12/1/2017,673160.5083000017
12/1/2017,673160.5083000017
12/1/2017,673160.5083000017
12/10/2014,673733.8443000017
12/10/2014,673733.8443000017
12/10/2014,673733.8443000017
12/10/2014,673733.8443000017
12/10/2014,673733.8443000017
12/10/2015,676814.2243000019
12/10/2015,676814.2243000019
12/10/2015,676814.2243000019
12/10/2015,676814.2243000019
12/10/2015,676814.2243000019
12/10/2015,676814.2243000019
12/10/2015,676814.2243000019
12/10/2015,676814.2243000019
12/10/2015,676814.2243000019
12/10/2015,676814.2243000019
12/10/2015,676814.2243000019
12/10/2015,676814.2243000019
12/10/2015,676814.2243000019
12/10/2015,676814.2243000019
12/10/2015,676814.2243000019
12/10/2015,676814.2243000019
12/10/2015,676814.2243000019
12/10/2015,676814.2243000019
12/10/2015,676814.2243000019
12/10/2015,676814.2243000019
12/10/2016,680273.9343000018
12/10/2016,680273.9343000018
12/10/2016,680273.9343000018
12/10/2016,680273.9343000018
12/10/2016,680273.9343000018
12/10/2016,680273.9343000018
12/10/2016,680273.9343000018
12/10/2016,680273.9343000018
12/10/2016,680273.9343000018
12/10/2016,680273.9343000018
12/10/2016,680273.9343000018
12/10/2016,680273.9343000018
12/10/2016,680273.9343000018
12/10/2016,680273.9343000018
12/10/2017,684147.4933000017
12/10/2017,684147.4933000017
12/10/2017,684147.4933000017
12/10/2017,684147.4933000017
12/10/2017,684147.4933000017
12/10/2017,684147.4933000017
12/10/2017,684147.4933000017
12/10/2017,684147.4933000017
12/10/2017,684147.4933000017
12/10/2017,684147.4933000017
12/10/2017,684147.4933000017
12/10/2017,684147.4933000017
12/10/2017,684147.4933000017
12/10/2017,684147.4933000017
12/10/2017,684147.4933000017
12/10/2017,684147.4933000017
12/10/2017,684147.4933000017
12/10/2017,684147.4933000017
12/10/2017,684147.4933000017
12/10/2017,684147.4933000017
12/10/2017,684147.4933000017
12/11/2015,685738.3873000018
12/11/2015,685738.3873000018
12/11/2015,685738.3873000018
12/11/2015,685738.3873000018
12/11/2015,685738.3873000018
12/11/2015,685738.3873000018
12/11/2015,685738.3873000018
12/11/2015,685738.3873000018
12/11/2015,685738.3873000018
12/11/2015,685738.3873000018
12/11/2015,685738.3873000018
12/11/2015,685738.3873000018
12/11/2015,685738.3873000018
12/11/2015,685738.3873000018
12/11/2015,685738.3873000018
12/11/2015,685738.3873000018
12/11/2015,685738.3873000018
12/11/2015,685738.3873000018
12/11/2016,691840.6373000019
12/11/2016,691840.6373000019
12/11/2016,691840.6373000019
12/11/2016,691840.6373000019
12/11/2016,691840.6373000019
12/11/2016,691840.6373000019
12/11/2016,691840.6373000019
12/11/2016,691840.6373000019
12/11/2016,691840.6373000019
12/11/2016,691840.6373000019
12/11/2016,691840.6373000019
12/11/2016,691840.6373000019
12/11/2016,691840.6373000019
12/11/2016,691840.6373000019
12/11/2016,691840.6373000019
12/11/2016,691840.6373000019
12/11/2016,691840.6373000019
12/11/2016,691840.6373000019
12/11/2016,691840.6373000019
12/11/2016,691840.6373000019
12/11/2016,691840.6373000019
12/11/2016,691840.6373000019
12/11/2016,691840.6373000019
12/11/2016,691840.6373000019
12/11/2016,691840.6373000019
12/11/2016,691840.6373000019
12/11/2016,691840.6373000019
12/11/2016,691840.6373000019
12/11/2017,694664.6023000019
12/11/2017,694664.6023000019
12/11/2017,694664.6023000019
12/11/2017,694664.6023000019
12/11/2017,694664.6023000019
12/11/2017,694664.6023000019
12/11/2017,694664.6023000019
12/11/2017,694664.6023000019
12/11/2017,694664.6023000019
12/11/2017,694664.6023000019
12/11/2017,694664.6023000019
12/11/2017,694664.6023000019
12/11/2017,694664.6023000019
12/11/2017,694664.6023000019
12/11/2017,694664.6023000019
12/11/2017,694664.6023000019
12/11/2017,694664.6023000019
12/11/2017,694664.6023000019
12/11/2017,694664.6023000019
12/11/2017,694664.6023000019
12/11/2017,694664.6023000019
12/11/2017,694664.6023000019
12/12/2014,699603.0068000018
12/12/2014,699603.0068000018
12/12/2014,699603.0068000018
12/12/2014,699603.0068000018
12/12/2014,699603.0068000018
12/12/2014,699603.0068000018
12/12/2014,699603.0068000018
12/12/2014,699603.0068000018
12/12/2014,699603.0068000018
12/12/2015,701051.8608000017
12/12/2015,701051.8608000017
12/12/2015,701051.8608000017
12/12/2015,701051.8608000017
12/12/2015,701051.8608000017
12/12/2015,701051.8608000017
12/12/2015,701051.8608000017
12/12/2015,701051.8608000017
12/12/2015,701051.8608000017
12/12/2015,701051.8608000017
12/12/2015,701051.8608000017
12/12/2015,701051.8608000017
12/12/2015,701051.8608000017
12/12/2015,701051.8608000017
12/12/2016,703032.9758000016
12/12/2016,703032.9758000016
12/12/2016,703032.9758000016
12/12/2016,703032.9758000016
12/12/2016,703032.9758000016
12/12/2016,703032.9758000016
12/12/2016,703032.9758000016
12/12/2016,703032.9758000016
12/12/2016,703032.9758000016
12/12/2016,703032.9758000016
12/12/2016,703032.9758000016
12/12/2016,703032.9758000016
12/12/2016,703032.9758000016
12/13/2014,703326.1278000016
12/13/2014,703326.1278000016
12/13/2014,703326.1278000016
12/13/2014,703326.1278000016
12/13/2014,703326.1278000016
12/13/2014,703326.1278000016
12/13/2015,704349.5138000015
12/13/2015,704349.5138000015
12/13/2015,704349.5138000015
12/13/2015,704349.5138000015
12/13/2015,704349.5138000015
12/13/2015,704349.5138000015
12/13/2015,704349.5138000015
12/13/2015,704349.5138000015
12/13/2015,704349.5138000015
12/13/2016,705543.6018000015
12/13/2016,705543.6018000015
12/13/2016,705543.6018000015
12/13/2016,705543.6018000015
12/13/2017,706124.5378000014
12/13/2017,706124.5378000014
12/13/2017,706124.5378000014
12/13/2017,706124.5378000014
12/13/2017,706124.5378000014
12/13/2017,706124.5378000014
12/14/2014,713766.1958000013
12/14/2014,713766.1958000013
12/14/2014,713766.1958000013
12/14/2014,713766.1958000013
12/14/2014,713766.1958000013
12/14/2014,713766.1958000013
12/14/2014,713766.1958000013
12/14/2014,713766.1958000013
12/14/2014,713766.1958000013
12/14/2015,714624.4998000013
12/14/2015,714624.4998000013
12/14/2015,714624.4998000013
12/14/2015,714624.4998000013
12/14/2015,714624.4998000013
12/14/2015,714624.4998000013
12/14/2015,714624.4998000013
12/14/2015,714624.4998000013
12/14/2015,714624.4998000013
12/14/2015,714624.4998000013
12/14/2015,714624.4998000013
12/14/2015,714624.4998000013
12/14/2016,715453.1538000014
12/14/2016,715453.1538000014
12/14/2016,715453.1538000014
12/14/2016,715453.1538000014
12/14/2016,715453.1538000014
12/14/2016,715453.1538000014
12/14/2016,715453.1538000014
12/14/2016,715453.1538000014
12/14/2016,715453.1538000014
12/14/2017,719350.8678000013
12/14/2017,719350.8678000013
12/14/2017,719350.8678000013
12/14/2017,719350.8678000013
12/14/2017,719350.8678000013
12/14/2017,719350.8678000013
12/14/2017,719350.8678000013
12/14/2017,719350.8678000013
12/14/2017,719350.8678000013
12/14/2017,719350.8678000013
12/14/2017,719350.8678000013
12/14/2017,719350.8678000013
12/14/2017,719350.8678000013
12/14/2017,719350.8678000013
12/14/2017,719350.8678000013
12/14/2017,719350.8678000013
12/14/2017,719350.8678000013
12/14/2017,719350.8678000013
12/15/2014,720615.3338000014
12/15/2014,720615.3338000014
12/15/2014,720615.3338000014
12/15/2014,720615.3338000014
12/15/2014,720615.3338000014
12/15/2015,726110.1298000014
12/15/2015,726110.1298000014
12/15/2015,726110.1298000014
12/15/2015,726110.1298000014
12/15/2015,726110.1298000014
12/15/2015,726110.1298000014
12/15/2015,726110.1298000014
12/15/2015,726110.1298000014
12/15/2015,726110.1298000014
12/15/2016,728747.2168000012
12/15/2016,728747.2168000012
12/15/2016,728747.2168000012
12/15/2016,728747.2168000012
12/15/2016,728747.2168000012
12/15/2016,728747.2168000012
12/15/2016,728747.2168000012
12/15/2017,729054.1048000011
12/15/2017,729054.1048000011
12/15/2017,729054.1048000011
12/15/2017,729054.1048000011
12/15/2017,729054.1048000011
12/16/2014,733448.2918000009
12/16/2014,733448.2918000009
12/16/2014,733448.2918000009
12/16/2014,733448.2918000009
12/16/2014,733448.2918000009
12/16/2014,733448.2918000009
12/16/2014,733448.2918000009
12/16/2014,733448.2918000009
12/16/2014,733448.2918000009
12/16/2014,733448.2918000009
12/16/2014,733448.2918000009
12/16/2014,733448.2918000009
12/16/2014,733448.2918000009
12/16/2014,733448.2918000009
12/16/2014,733448.2918000009
12/16/2015,733453.2718000009
12/16/2016,734081.8138000009
12/16/2016,734081.8138000009
12/16/2016,734081.8138000009
12/16/2016,734081.8138000009
12/16/2016,734081.8138000009
12/16/2017,734940.5158000009
12/16/2017,734940.5158000009
12/16/2017,734940.5158000009
12/16/2017,734940.5158000009
12/16/2017,734940.5158000009
12/16/2017,734940.5158000009
12/16/2017,734940.5158000009
12/16/2017,734940.5158000009
12/16/2017,734940.5158000009
12/16/2017,734940.5158000009
12/16/2017,734940.5158000009
12/16/2017,734940.5158000009
12/16/2017,734940.5158000009
12/17/2014,734986.049800001
12/17/2014,734986.049800001
12/17/2015,736904.5418000009
12/17/2015,736904.5418000009
12/17/2015,736904.5418000009
12/17/2015,736904.5418000009
12/17/2015,736904.5418000009
12/17/2015,736904.5418000009
12/17/2015,736904.5418000009
12/17/2015,736904.5418000009
12/17/2015,736904.5418000009
12/17/2015,736904.5418000009
12/17/2015,736904.5418000009
12/17/2015,736904.5418000009
12/17/2016,749089.6758000009
12/17/2016,749089.6758000009
12/17/2016,749089.6758000009
12/17/2016,749089.6758000009
12/17/2016,749089.6758000009
12/17/2016,749089.6758000009
12/17/2016,749089.6758000009
12/17/2017,751117.4338000008
12/17/2017,751117.4338000008
12/17/2017,751117.4338000008
12/17/2017,751117.4338000008
12/17/2017,751117.4338000008
12/17/2017,751117.4338000008
12/17/2017,751117.4338000008
12/17/2017,751117.4338000008
12/17/2017,751117.4338000008
12/17/2017,751117.4338000008
12/17/2017,751117.4338000008
12/17/2017,751117.4338000008
12/17/2017,751117.4338000008
12/18/2015,752052.7218000008
12/18/2015,752052.7218000008
12/18/2015,752052.7218000008
12/18/2015,752052.7218000008
12/18/2015,752052.7218000008
12/18/2015,752052.7218000008
12/18/2015,752052.7218000008
12/18/2016,759104.0718000006
12/18/2016,759104.0718000006
12/18/2016,759104.0718000006
12/18/2016,759104.0718000006
12/18/2016,759104.0718000006
12/18/2016,759104.0718000006
12/18/2016,759104.0718000006
12/18/2016,759104.0718000006
12/18/2016,759104.0718000006
12/18/2016,759104.0718000006
12/18/2016,759104.0718000006
12/18/2016,759104.0718000006
12/18/2016,759104.0718000006
12/18/2016,759104.0718000006
12/18/2016,759104.0718000006
12/18/2016,759104.0718000006
12/18/2016,759104.0718000006
12/18/2016,759104.0718000006
12/18/2016,759104.0718000006
12/18/2016,759104.0718000006
12/18/2016,759104.0718000006
12/18/2017,762749.9828000005
12/18/2017,762749.9828000005
12/18/2017,762749.9828000005
12/18/2017,762749.9828000005
12/18/2017,762749.9828000005
12/18/2017,762749.9828000005
12/18/2017,762749.9828000005
12/18/2017,762749.9828000005
12/18/2017,762749.9828000005
12/18/2017,762749.9828000005
12/18/2017,762749.9828000005
12/18/2017,762749.9828000005
12/18/2017,762749.9828000005
12/18/2017,762749.9828000005
12/18/2017,762749.9828000005
12/18/2017,762749.9828000005
12/18/2017,762749.9828000005
12/18/2017,762749.9828000005
12/18/2017,762749.9828000005
12/18/2017,762749.9828000005
12/19/2014,766186.7428000006
12/19/2014,766186.7428000006
12/19/2014,766186.7428000006
12/19/2014,766186.7428000006
12/19/2014,766186.7428000006
12/19/2014,766186.7428000006
12/19/2014,766186.7428000006
12/19/2014,766186.7428000006
12/19/2014,766186.7428000006
12/19/2014,766186.7428000006
12/19/2014,766186.7428000006
12/19/2014,766186.7428000006
12/19/2015,772307.3988000008
12/19/2015,772307.3988000008
12/19/2015,772307.3988000008
12/19/2015,772307.3988000008
12/19/2015,772307.3988000008
12/19/2015,772307.3988000008
12/19/2015,772307.3988000008
12/19/2015,772307.3988000008
12/19/2015,772307.3988000008
12/19/2015,772307.3988000008
12/19/2015,772307.3988000008
12/19/2015,772307.3988000008
12/19/2015,772307.3988000008
12/19/2015,772307.3988000008
12/19/2016,773122.5108000009
12/19/2016,773122.5108000009
12/19/2016,773122.5108000009
12/19/2016,773122.5108000009
12/19/2016,773122.5108000009
12/19/2016,773122.5108000009
12/19/2016,773122.5108000009
12/19/2017,775018.436800001
12/19/2017,775018.436800001
12/19/2017,775018.436800001
12/19/2017,775018.436800001
12/19/2017,775018.436800001
12/2/2014,776790.2448000008
12/2/2014,776790.2448000008
12/2/2014,776790.2448000008
12/2/2014,776790.2448000008
12/2/2014,776790.2448000008
12/2/2014,776790.2448000008
12/2/2014,776790.2448000008
12/2/2014,776790.2448000008
12/2/2014,776790.2448000008
12/2/2014,776790.2448000008
12/2/2014,776790.2448000008
12/2/2014,776790.2448000008
12/2/2014,776790.2448000008
12/2/2014,776790.2448000008
12/2/2016,781474.8608000006
12/2/2016,781474.8608000006
12/2/2016,781474.8608000006
12/2/2016,781474.8608000006
12/2/2016,781474.8608000006
12/2/2016,781474.8608000006
12/2/2016,781474.8608000006
12/2/2016,781474.8608000006
12/2/2016,781474.8608000006
12/2/2016,781474.8608000006
12/2/2016,781474.8608000006
12/2/2016,781474.8608000006
12/2/2016,781474.8608000006
12/2/2016,781474.8608000006
12/2/2016,781474.8608000006
12/2/2016,781474.8608000006
12/2/2016,781474.8608000006
12/2/2017,791426.0428000003
12/2/2017,791426.0428000003
12/2/2017,791426.0428000003
12/2/2017,791426.0428000003
12/2/2017,791426.0428000003
12/2/2017,791426.0428000003
12/2/2017,791426.0428000003
12/2/2017,791426.0428000003
12/2/2017,791426.0428000003
12/2/2017,791426.0428000003
12/2/2017,791426.0428000003
12/2/2017,791426.0428000003
12/2/2017,791426.0428000003
12/2/2017,791426.0428000003
12/2/2017,791426.0428000003
12/2/2017,791426.0428000003
12/2/2017,791426.0428000003
12/2/2017,791426.0428000003
12/2/2017,791426.0428000003
12/2/2017,791426.0428000003
12/2/2017,791426.0428000003
12/2/2017,791426.0428000003
12/2/2017,791426.0428000003
12/2/2017,791426.0428000003
12/2/2017,791426.0428000003
12/2/2017,791426.0428000003
12/2/2017,791426.0428000003
12/2/2017,791426.0428000003
12/2/2017,791426.0428000003
12/2/2017,791426.0428000003
12/2/2017,791426.0428000003
12/2/2017,791426.0428000003
12/2/2017,791426.0428000003
12/2/2017,791426.0428000003
12/20/2014,798388.4828000003
12/20/2014,798388.4828000003
12/20/2014,798388.4828000003
12/20/2014,798388.4828000003
12/20/2014,798388.4828000003
12/20/2014,798388.4828000003
12/20/2014,798388.4828000003
12/20/2014,798388.4828000003
12/20/2014,798388.4828000003
12/20/2014,798388.4828000003
12/20/2014,798388.4828000003
12/20/2014,798388.4828000003
12/20/2014,798388.4828000003
12/20/2014,798388.4828000003
12/20/2014,798388.4828000003
12/20/2014,798388.4828000003
12/20/2014,798388.4828000003
12/20/2014,798388.4828000003
12/20/2014,798388.4828000003
12/20/2014,798388.4828000003
12/20/2014,798388.4828000003
12/20/2014,798388.4828000003
12/20/2014,798388.4828000003
12/20/2014,798388.4828000003
12/20/2015,799495.9468000005
12/20/2015,799495.9468000005
12/20/2015,799495.9468000005
12/20/2015,799495.9468000005
12/20/2015,799495.9468000005
12/20/2015,799495.9468000005
12/20/2015,799495.9468000005
12/20/2015,799495.9468000005
12/20/2015,799495.9468000005
12/20/2015,799495.9468000005
12/20/2015,799495.9468000005
12/20/2016,799630.4868000007
12/20/2016,799630.4868000007
12/20/2016,799630.4868000007
12/20/2016,799630.4868000007
12/20/2017,800008.2228000007
12/20/2017,800008.2228000007
12/20/2017,800008.2228000007
12/20/2017,800008.2228000007
12/20/2017,800008.2228000007
12/21/2014,801941.6628000007
12/21/2014,801941.6628000007
12/21/2014,801941.6628000007
12/21/2014,801941.6628000007
12/21/2015,805199.4228000009
12/21/2015,805199.4228000009
12/21/2015,805199.4228000009
12/21/2015,805199.4228000009
12/21/2015,805199.4228000009
12/21/2015,805199.4228000009
12/21/2015,805199.4228000009
12/21/2015,805199.4228000009
12/21/2015,805199.4228000009
12/21/2015,805199.4228000009
12/21/2015,805199.4228000009
12/21/2017,807340.3628000008
12/21/2017,807340.3628000008
12/21/2017,807340.3628000008
12/21/2017,807340.3628000008
12/21/2017,807340.3628000008
12/21/2017,807340.3628000008
12/21/2017,807340.3628000008
12/21/2017,807340.3628000008
12/21/2017,807340.3628000008
12/21/2017,807340.3628000008
12/21/2017,807340.3628000008
12/22/2014,808139.3308000009
12/22/2014,808139.3308000009
12/22/2014,808139.3308000009
12/22/2014,808139.3308000009
12/22/2014,808139.3308000009
12/22/2014,808139.3308000009
12/22/2015,808612.6438000009
12/22/2015,808612.6438000009
12/22/2015,808612.6438000009
12/22/2016,809655.7718000008
12/22/2016,809655.7718000008
12/22/2016,809655.7718000008
12/22/2016,809655.7718000008
12/22/2016,809655.7718000008
12/22/2016,809655.7718000008
12/22/2016,809655.7718000008
12/22/2016,809655.7718000008
12/22/2017,817097.7928000008
12/22/2017,817097.7928000008
12/22/2017,817097.7928000008
12/22/2017,817097.7928000008
12/22/2017,817097.7928000008
12/22/2017,817097.7928000008
12/22/2017,817097.7928000008
12/22/2017,817097.7928000008
12/22/2017,817097.7928000008
12/22/2017,817097.7928000008
12/22/2017,817097.7928000008
12/22/2017,817097.7928000008
12/22/2017,817097.7928000008
12/22/2017,817097.7928000008
12/22/2017,817097.7928000008
12/22/2017,817097.7928000008
12/22/2017,817097.7928000008
12/22/2017,817097.7928000008
12/22/2017,817097.7928000008
12/22/2017,817097.7928000008
12/22/2017,817097.7928000008
12/22/2017,817097.7928000008
12/22/2017,817097.7928000008
12/22/2017,817097.7928000008
12/22/2017,817097.7928000008
12/22/2017,817097.7928000008
12/22/2017,817097.7928000008
12/23/2014,818039.9008000009
12/23/2014,818039.9008000009
12/23/2014,818039.9008000009
12/23/2014,818039.9008000009
12/23/2014,818039.9008000009
12/23/2014,818039.9008000009
12/23/2014,818039.9008000009
12/23/2014,818039.9008000009
12/23/2014,818039.9008000009
12/23/2015,818234.2208000008
12/23/2016,825200.0778000006
12/23/2016,825200.0778000006
12/23/2016,825200.0778000006
12/23/2016,825200.0778000006
12/23/2016,825200.0778000006
12/23/2016,825200.0778000006
12/23/2016,825200.0778000006
12/23/2016,825200.0778000006
12/23/2016,825200.0778000006
12/23/2016,825200.0778000006
12/23/2016,825200.0778000006
12/23/2016,825200.0778000006
12/23/2016,825200.0778000006
12/23/2016,825200.0778000006
12/23/2016,825200.0778000006
12/23/2016,825200.0778000006
12/23/2016,825200.0778000006
12/23/2016,825200.0778000006
12/23/2016,825200.0778000006
12/23/2016,825200.0778000006
12/23/2017,827126.8538000003
12/23/2017,827126.8538000003
12/23/2017,827126.8538000003
12/23/2017,827126.8538000003
12/23/2017,827126.8538000003
12/23/2017,827126.8538000003
12/23/2017,827126.8538000003
12/23/2017,827126.8538000003
12/23/2017,827126.8538000003
12/23/2017,827126.8538000003
12/23/2017,827126.8538000003
12/23/2017,827126.8538000003
12/23/2017,827126.8538000003
12/23/2017,827126.8538000003
12/23/2017,827126.8538000003
12/24/2014,829077.0558000001
12/24/2014,829077.0558000001
12/24/2014,829077.0558000001
12/24/2014,829077.0558000001
12/24/2014,829077.0558000001
12/24/2014,829077.0558000001
12/24/2014,829077.0558000001
12/24/2014,829077.0558000001
12/24/2014,829077.0558000001
12/24/2014,829077.0558000001
12/24/2014,829077.0558000001
12/24/2015,836561.6218000003
12/24/2015,836561.6218000003
12/24/2015,836561.6218000003
12/24/2015,836561.6218000003
12/24/2015,836561.6218000003
12/24/2015,836561.6218000003
12/24/2015,836561.6218000003
12/24/2015,836561.6218000003
12/24/2015,836561.6218000003
12/24/2015,836561.6218000003
12/24/2015,836561.6218000003
12/24/2015,836561.6218000003
12/24/2015,836561.6218000003
12/24/2015,836561.6218000003
12/24/2015,836561.6218000003
12/24/2015,836561.6218000003
12/24/2015,836561.6218000003
12/24/2015,836561.6218000003
12/24/2015,836561.6218000003
12/24/2016,838499.8818000003
12/24/2016,838499.8818000003
12/24/2016,838499.8818000003
12/24/2016,838499.8818000003
12/24/2016,838499.8818000003
12/24/2016,838499.8818000003
12/24/2016,838499.8818000003
12/24/2016,838499.8818000003
12/24/2017,844732.9358000004
12/24/2017,844732.9358000004
12/24/2017,844732.9358000004
12/24/2017,844732.9358000004
12/24/2017,844732.9358000004
12/24/2017,844732.9358000004
12/24/2017,844732.9358000004
12/24/2017,844732.9358000004
12/24/2017,844732.9358000004
12/24/2017,844732.9358000004
12/24/2017,844732.9358000004
12/24/2017,844732.9358000004
12/24/2017,844732.9358000004
12/24/2017,844732.9358000004
12/24/2017,844732.9358000004
12/24/2017,844732.9358000004
12/25/2015,848937.9038000003
12/25/2015,848937.9038000003
12/25/2015,848937.9038000003
12/25/2015,848937.9038000003
12/25/2015,848937.9038000003
12/25/2015,848937.9038000003
12/25/2015,848937.9038000003
12/25/2015,848937.9038000003
12/25/2015,848937.9038000003
12/25/2015,848937.9038000003
12/25/2015,848937.9038000003
12/25/2015,848937.9038000003
12/25/2015,848937.9038000003
12/25/2015,848937.9038000003
12/25/2015,848937.9038000003
12/25/2015,848937.9038000003
12/25/2016,859425.9588
12/25/2016,859425.9588
12/25/2016,859425.9588
12/25/2016,859425.9588
12/25/2016,859425.9588
12/25/2016,859425.9588
12/25/2016,859425.9588
12/25/2016,859425.9588
12/25/2016,859425.9588
12/25/2016,859425.9588
12/25/2016,859425.9588
12/25/2016,859425.9588
12/25/2016,859425.9588
12/25/2016,859425.9588
12/25/2016,859425.9588
12/25/2016,859425.9588
12/25/2016,859425.9588
12/25/2016,859425.9588
12/25/2016,859425.9588
12/25/2017,862124.8857999999
12/25/2017,862124.8857999999
12/25/2017,862124.8857999999
12/25/2017,862124.8857999999
12/25/2017,862124.8857999999
12/25/2017,862124.8857999999
12/25/2017,862124.8857999999
12/25/2017,862124.8857999999
12/25/2017,862124.8857999999
12/25/2017,862124.8857999999
12/25/2017,862124.8857999999
12/25/2017,862124.8857999999
12/25/2017,862124.8857999999
12/25/2017,862124.8857999999
12/25/2017,862124.8857999999
12/25/2017,862124.8857999999
12/25/2017,862124.8857999999
12/25/2017,862124.8857999999
12/25/2017,862124.8857999999
12/25/2017,862124.8857999999
12/25/2017,862124.8857999999
12/25/2017,862124.8857999999
12/25/2017,862124.8857999999
12/26/2014,864166.2997999997
12/26/2014,864166.2997999997
12/26/2014,864166.2997999997
12/26/2014,864166.2997999997
12/26/2014,864166.2997999997
12/26/2014,864166.2997999997
12/26/2014,864166.2997999997
12/26/2014,864166.2997999997
12/26/2014,864166.2997999997
12/26/2014,864166.2997999997
12/26/2014,864166.2997999997
12/26/2014,864166.2997999997
12/26/2014,864166.2997999997
12/26/2014,864166.2997999997
12/26/2014,864166.2997999997
12/26/2015,864727.7857999996
12/26/2015,864727.7857999996
12/26/2015,864727.7857999996
12/26/2015,864727.7857999996
12/26/2016,866557.2037999994
12/26/2016,866557.2037999994
12/26/2016,866557.2037999994
12/26/2016,866557.2037999994
12/26/2016,866557.2037999994
12/26/2016,866557.2037999994
12/26/2016,866557.2037999994
12/26/2016,866557.2037999994
12/26/2016,866557.2037999994
12/26/2016,866557.2037999994
12/26/2016,866557.2037999994
12/26/2016,866557.2037999994
12/26/2016,866557.2037999994
12/26/2017,867371.7977999995
12/26/2017,867371.7977999995
12/26/2017,867371.7977999995
12/26/2017,867371.7977999995
12/27/2014,870338.1857999995
12/27/2014,870338.1857999995
12/27/2014,870338.1857999995
12/27/2014,870338.1857999995
12/27/2014,870338.1857999995
12/27/2014,870338.1857999995
12/27/2014,870338.1857999995
12/27/2014,870338.1857999995
12/27/2014,870338.1857999995
12/27/2014,870338.1857999995
12/27/2014,870338.1857999995
12/27/2014,870338.1857999995
12/27/2014,870338.1857999995
12/27/2014,870338.1857999995
12/27/2014,870338.1857999995
12/27/2014,870338.1857999995
12/27/2015,875486.6329999994
12/27/2015,875486.6329999994
12/27/2015,875486.6329999994
12/27/2015,875486.6329999994
12/27/2015,875486.6329999994
12/27/2015,875486.6329999994
12/27/2015,875486.6329999994
12/27/2015,875486.6329999994
12/27/2015,875486.6329999994
12/27/2015,875486.6329999994
12/27/2015,875486.6329999994
12/27/2015,875486.6329999994
12/27/2015,875486.6329999994
12/27/2015,875486.6329999994
12/27/2015,875486.6329999994
12/27/2015,875486.6329999994
12/27/2015,875486.6329999994
12/27/2015,875486.6329999994
12/27/2015,875486.6329999994
12/27/2015,875486.6329999994
12/27/2015,875486.6329999994
12/27/2015,875486.6329999994
12/27/2016,876446.1229999996
12/27/2016,876446.1229999996
12/27/2016,876446.1229999996
12/27/2016,876446.1229999996
12/27/2016,876446.1229999996
12/27/2016,876446.1229999996
12/27/2016,876446.1229999996
12/27/2017,876623.7589999996
12/27/2017,876623.7589999996
12/28/2014,880356.0549999997
12/28/2014,880356.0549999997
12/28/2014,880356.0549999997
12/28/2014,880356.0549999997
12/28/2014,880356.0549999997
12/28/2014,880356.0549999997
12/28/2015,880435.2549999997
12/28/2015,880435.2549999997
12/28/2017,882092.6057999994
12/28/2017,882092.6057999994
12/28/2017,882092.6057999994
12/28/2017,882092.6057999994
12/28/2017,882092.6057999994
12/28/2017,882092.6057999994
12/28/2017,882092.6057999994
12/28/2017,882092.6057999994
12/28/2017,882092.6057999994
12/28/2017,882092.6057999994
12/28/2017,882092.6057999994
12/28/2017,882092.6057999994
12/28/2017,882092.6057999994
12/28/2017,882092.6057999994
12/28/2017,882092.6057999994
12/28/2017,882092.6057999994
12/28/2017,882092.6057999994
12/28/2017,882092.6057999994
12/28/2017,882092.6057999994
12/29/2014,884164.7017999998
12/29/2014,884164.7017999998
12/29/2014,884164.7017999998
12/29/2014,884164.7017999998
12/29/2014,884164.7017999998
12/29/2014,884164.7017999998
12/29/2014,884164.7017999998
12/29/2014,884164.7017999998
12/29/2014,884164.7017999998
12/29/2014,884164.7017999998
12/29/2014,884164.7017999998
12/29/2014,884164.7017999998
12/29/2014,884164.7017999998
12/29/2014,884164.7017999998
12/29/2014,884164.7017999998
12/29/2014,884164.7017999998
12/29/2015,884171.0617999998
12/29/2016,885448.7417999997
12/29/2016,885448.7417999997
12/29/2016,885448.7417999997
12/29/2016,885448.7417999997
12/29/2016,885448.7417999997
12/29/2016,885448.7417999997
12/29/2016,885448.7417999997
12/29/2016,885448.7417999997
12/29/2016,885448.7417999997
12/29/2016,885448.7417999997
12/29/2016,885448.7417999997
12/29/2016,885448.7417999997
12/29/2017,888364.2757999996
12/29/2017,888364.2757999996
12/29/2017,888364.2757999996
12/29/2017,888364.2757999996
12/29/2017,888364.2757999996
12/29/2017,888364.2757999996
12/29/2017,888364.2757999996
12/29/2017,888364.2757999996
12/29/2017,888364.2757999996
12/29/2017,888364.2757999996
12/29/2017,888364.2757999996
12/29/2017,888364.2757999996
12/3/2014,888870.1557999996
12/3/2014,888870.1557999996
12/3/2015,890842.8007999995
12/3/2015,890842.8007999995
12/3/2015,890842.8007999995
12/3/2015,890842.8007999995
12/3/2015,890842.8007999995
12/3/2015,890842.8007999995
12/3/2015,890842.8007999995
12/3/2015,890842.8007999995
12/3/2015,890842.8007999995
12/3/2015,890842.8007999995
12/3/2015,890842.8007999995
12/3/2015,890842.8007999995
12/3/2016,896112.6167999995
12/3/2016,896112.6167999995
12/3/2016,896112.6167999995
12/3/2016,896112.6167999995
12/3/2016,896112.6167999995
12/3/2016,896112.6167999995
12/3/2016,896112.6167999995
12/3/2016,896112.6167999995
12/3/2016,896112.6167999995
12/3/2016,896112.6167999995
12/3/2016,896112.6167999995
12/3/2016,896112.6167999995
12/3/2016,896112.6167999995
12/3/2016,896112.6167999995
12/3/2016,896112.6167999995
12/3/2016,896112.6167999995
12/3/2017,897516.4587999993
12/3/2017,897516.4587999993
12/3/2017,897516.4587999993
12/3/2017,897516.4587999993
12/3/2017,897516.4587999993
12/3/2017,897516.4587999993
12/3/2017,897516.4587999993
12/3/2017,897516.4587999993
12/3/2017,897516.4587999993
12/3/2017,897516.4587999993
12/3/2017,897516.4587999993
12/3/2017,897516.4587999993
12/3/2017,897516.4587999993
12/3/2017,897516.4587999993
12/3/2017,897516.4587999993
12/3/2017,897516.4587999993
12/3/2017,897516.4587999993
12/3/2017,897516.4587999993
12/3/2017,897516.4587999993
12/3/2017,897516.4587999993
12/30/2014,899689.1097999993
12/30/2014,899689.1097999993
12/30/2014,899689.1097999993
12/30/2014,899689.1097999993
12/30/2014,899689.1097999993
12/30/2014,899689.1097999993
12/30/2014,899689.1097999993
12/30/2014,899689.1097999993
12/30/2014,899689.1097999993
12/30/2014,899689.1097999993
12/30/2014,899689.1097999993
12/30/2014,899689.1097999993
12/30/2014,899689.1097999993
12/30/2015,902940.4497999992
12/30/2015,902940.4497999992
12/30/2015,902940.4497999992
12/30/2015,902940.4497999992
12/30/2015,902940.4497999992
12/30/2016,903714.2237999992
12/30/2016,903714.2237999992
12/30/2016,903714.2237999992
12/30/2016,903714.2237999992
12/30/2016,903714.2237999992
12/30/2016,903714.2237999992
12/30/2016,903714.2237999992
12/30/2016,903714.2237999992
12/30/2017,904428.0137999993
12/30/2017,904428.0137999993
12/30/2017,904428.0137999993
12/30/2017,904428.0137999993
12/30/2017,904428.0137999993
12/30/2017,904428.0137999993
12/30/2017,904428.0137999993
12/31/2014,909681.2837999993
12/31/2014,909681.2837999993
12/31/2014,909681.2837999993
12/31/2014,909681.2837999993
12/31/2014,909681.2837999993
12/31/2014,909681.2837999993
12/31/2014,909681.2837999993
12/31/2014,909681.2837999993
12/31/2014,909681.2837999993
12/31/2014,909681.2837999993
12/31/2014,909681.2837999993
12/31/2014,909681.2837999993
12/31/2014,909681.2837999993
12/31/2014,909681.2837999993
12/31/2015,911062.6277999994
12/31/2015,911062.6277999994
12/31/2015,911062.6277999994
12/31/2015,911062.6277999994
12/31/2015,911062.6277999994
12/31/2015,911062.6277999994
12/31/2015,911062.6277999994
12/31/2015,911062.6277999994
12/31/2015,911062.6277999994
12/31/2015,911062.6277999994
12/31/2015,911062.6277999994
12/31/2016,911794.3957999996
12/31/2016,911794.3957999996
12/31/2016,911794.3957999996
12/31/2016,911794.3957999996
12/31/2016,911794.3957999996
12/31/2016,911794.3957999996
12/31/2016,911794.3957999996
12/4/2014,911924.3757999996
12/4/2015,917110.1897999992
12/4/2015,917110.1897999992
12/4/2015,917110.1897999992
12/4/2015,917110.1897999992
12/4/2015,917110.1897999992
12/4/2015,917110.1897999992
12/4/2015,917110.1897999992
12/4/2015,917110.1897999992
12/4/2015,917110.1897999992
12/4/2015,917110.1897999992
12/4/2015,917110.1897999992
12/4/2015,917110.1897999992
12/4/2015,917110.1897999992
12/4/2015,917110.1897999992
12/4/2015,917110.1897999992
12/4/2015,917110.1897999992
12/4/2016,918054.4757999993
12/4/2016,918054.4757999993
12/4/2016,918054.4757999993
12/4/2016,918054.4757999993
12/4/2016,918054.4757999993
12/4/2016,918054.4757999993
12/4/2016,918054.4757999993
12/4/2016,918054.4757999993
12/4/2016,918054.4757999993
12/4/2017,920694.1137999992
12/4/2017,920694.1137999992
12/4/2017,920694.1137999992
12/4/2017,920694.1137999992
12/4/2017,920694.1137999992
12/4/2017,920694.1137999992
12/4/2017,920694.1137999992
12/4/2017,920694.1137999992
12/4/2017,920694.1137999992
12/4/2017,920694.1137999992
12/4/2017,920694.1137999992
12/4/2017,920694.1137999992
12/4/2017,920694.1137999992
12/4/2017,920694.1137999992
12/4/2017,920694.1137999992
12/4/2017,920694.1137999992
12/4/2017,920694.1137999992
12/4/2017,920694.1137999992
12/5/2014,923657.7557999991
12/5/2014,923657.7557999991
12/5/2014,923657.7557999991
12/5/2014,923657.7557999991
12/5/2014,923657.7557999991
12/5/2014,923657.7557999991
12/5/2014,923657.7557999991
12/5/2014,923657.7557999991
12/5/2014,923657.7557999991
12/5/2014,923657.7557999991
12/5/2014,923657.7557999991
12/5/2014,923657.7557999991
12/5/2014,923657.7557999991
12/5/2014,923657.7557999991
12/5/2014,923657.7557999991
12/5/2014,923657.7557999991
12/5/2015,924555.0777999993
12/5/2015,924555.0777999993
12/5/2015,924555.0777999993
12/5/2015,924555.0777999993
12/5/2015,924555.0777999993
12/5/2015,924555.0777999993
12/5/2015,924555.0777999993
12/5/2015,924555.0777999993
12/5/2015,924555.0777999993
12/5/2015,924555.0777999993
12/5/2015,924555.0777999993
12/5/2015,924555.0777999993
12/5/2016,929822.0817999991
12/5/2016,929822.0817999991
12/5/2016,929822.0817999991
12/5/2016,929822.0817999991
12/5/2016,929822.0817999991
12/5/2016,929822.0817999991
12/5/2016,929822.0817999991
12/5/2016,929822.0817999991
12/5/2016,929822.0817999991
12/5/2016,929822.0817999991
12/5/2016,929822.0817999991
12/5/2016,929822.0817999991
12/5/2016,929822.0817999991
12/5/2016,929822.0817999991
12/5/2016,929822.0817999991
12/5/2016,929822.0817999991
12/5/2017,931275.2177999989
12/5/2017,931275.2177999989
12/5/2017,931275.2177999989
12/5/2017,931275.2177999989
12/5/2017,931275.2177999989
12/5/2017,931275.2177999989
12/5/2017,931275.2177999989
12/5/2017,931275.2177999989
12/5/2017,931275.2177999989
12/5/2017,931275.2177999989
12/5/2017,931275.2177999989
12/5/2017,931275.2177999989
12/5/2017,931275.2177999989
12/5/2017,931275.2177999989
12/5/2017,931275.2177999989
12/5/2017,931275.2177999989
12/5/2017,931275.2177999989
12/5/2017,931275.2177999989
12/5/2017,931275.2177999989
12/6/2014,933246.1957999987
12/6/2014,933246.1957999987
12/6/2014,933246.1957999987
12/6/2014,933246.1957999987
12/6/2014,933246.1957999987
12/6/2014,933246.1957999987
12/6/2014,933246.1957999987
12/6/2014,933246.1957999987
12/6/2014,933246.1957999987
12/6/2014,933246.1957999987
12/6/2014,933246.1957999987
12/6/2015,939307.6977999987
12/6/2015,939307.6977999987
12/6/2015,939307.6977999987
12/6/2015,939307.6977999987
12/6/2015,939307.6977999987
12/6/2015,939307.6977999987
12/6/2015,939307.6977999987
12/6/2015,939307.6977999987
12/6/2015,939307.6977999987
12/6/2015,939307.6977999987
12/6/2015,939307.6977999987
12/6/2015,939307.6977999987
12/6/2015,939307.6977999987
12/6/2015,939307.6977999987
12/6/2015,939307.6977999987
12/6/2015,939307.6977999987
12/6/2015,939307.6977999987
12/6/2015,939307.6977999987
12/6/2015,939307.6977999987
12/6/2015,939307.6977999987
12/6/2015,939307.6977999987
12/6/2015,939307.6977999987
12/6/2015,939307.6977999987
12/6/2015,939307.6977999987
12/6/2016,943185.9737999984
12/6/2016,943185.9737999984
12/6/2016,943185.9737999984
12/6/2016,943185.9737999984
12/6/2016,943185.9737999984
12/6/2016,943185.9737999984
12/6/2016,943185.9737999984
12/6/2016,943185.9737999984
12/6/2016,943185.9737999984
12/6/2016,943185.9737999984
12/6/2016,943185.9737999984
12/6/2016,943185.9737999984
12/6/2016,943185.9737999984
12/6/2016,943185.9737999984
12/6/2016,943185.9737999984
12/6/2016,943185.9737999984
12/6/2016,943185.9737999984
12/6/2016,943185.9737999984
12/6/2017,943196.6537999985
12/7/2014,943745.0537999985
12/7/2014,943745.0537999985
12/7/2014,943745.0537999985
12/7/2014,943745.0537999985
12/7/2015,945083.3517999983
12/7/2015,945083.3517999983
12/7/2015,945083.3517999983
12/7/2015,945083.3517999983
12/7/2015,945083.3517999983
12/7/2015,945083.3517999983
12/7/2015,945083.3517999983
12/7/2015,945083.3517999983
12/7/2015,945083.3517999983
12/7/2017,947999.8657999985
12/7/2017,947999.8657999985
12/7/2017,947999.8657999985
12/7/2017,947999.8657999985
12/7/2017,947999.8657999985
12/7/2017,947999.8657999985
12/7/2017,947999.8657999985
12/7/2017,947999.8657999985
12/7/2017,947999.8657999985
12/8/2014,949094.9857999987
12/8/2014,949094.9857999987
12/8/2014,949094.9857999987
12/8/2014,949094.9857999987
12/8/2014,949094.9857999987
12/8/2014,949094.9857999987
12/8/2014,949094.9857999987
12/8/2014,949094.9857999987
12/8/2014,949094.9857999987
12/8/2014,949094.9857999987
12/8/2014,949094.9857999987
12/8/2014,949094.9857999987
12/8/2014,949094.9857999987
12/8/2015,951767.7137999987
12/8/2015,951767.7137999987
12/8/2015,951767.7137999987
12/8/2015,951767.7137999987
12/8/2015,951767.7137999987
12/8/2015,951767.7137999987
12/8/2016,956476.808799999
12/8/2016,956476.808799999
12/8/2016,956476.808799999
12/8/2016,956476.808799999
12/8/2016,956476.808799999
12/8/2016,956476.808799999
12/8/2016,956476.808799999
12/8/2016,956476.808799999
12/8/2016,956476.808799999
12/8/2016,956476.808799999
12/8/2016,956476.808799999
12/8/2016,956476.808799999
12/8/2016,956476.808799999
12/8/2016,956476.808799999
12/8/2016,956476.808799999
12/8/2017,964119.849799999
12/8/2017,964119.849799999
12/8/2017,964119.849799999
12/8/2017,964119.849799999
12/8/2017,964119.849799999
12/8/2017,964119.849799999
12/8/2017,964119.849799999
12/8/2017,964119.849799999
12/8/2017,964119.849799999
12/8/2017,964119.849799999
12/8/2017,964119.849799999
12/8/2017,964119.849799999
12/8/2017,964119.849799999
12/8/2017,964119.849799999
12/8/2017,964119.849799999
12/8/2017,964119.849799999
12/8/2017,964119.849799999
12/8/2017,964119.849799999
12/8/2017,964119.849799999
12/8/2017,964119.849799999
12/8/2017,964119.849799999
12/8/2017,964119.849799999
12/8/2017,964119.849799999
12/8/2017,964119.849799999
12/8/2017,964119.849799999
12/8/2017,964119.849799999
12/8/2017,964119.849799999
12/8/2017,964119.849799999
12/8/2017,964119.849799999
12/8/2017,964119.849799999
12/9/2014,965642.5017999992
12/9/2014,965642.5017999992
12/9/2014,965642.5017999992
12/9/2014,965642.5017999992
12/9/2014,965642.5017999992
12/9/2014,965642.5017999992
12/9/2014,965642.5017999992
12/9/2014,965642.5017999992
12/9/2015,965676.5217999992
12/9/2016,967532.0047999992
12/9/2016,967532.0047999992
12/9/2016,967532.0047999992
12/9/2016,967532.0047999992
12/9/2016,967532.0047999992
12/9/2016,967532.0047999992
12/9/2016,967532.0047999992
12/9/2016,967532.0047999992
12/9/2016,967532.0047999992
12/9/2016,967532.0047999992
12/9/2016,967532.0047999992
12/9/2016,967532.0047999992
12/9/2016,967532.0047999992
12/9/2016,967532.0047999992
12/9/2016,967532.0047999992
12/9/2016,967532.0047999992
12/9/2016,967532.0047999992
12/9/2017,973002.3947999991
12/9/2017,973002.3947999991
12/9/2017,973002.3947999991
12/9/2017,973002.3947999991
12/9/2017,973002.3947999991
12/9/2017,973002.3947999991
12/9/2017,973002.3947999991
12/9/2017,973002.3947999991
12/9/2017,973002.3947999991
12/9/2017,973002.3947999991
12/9/2017,973002.3947999991
12/9/2017,973002.3947999991
12/9/2017,973002.3947999991
12/9/2017,973002.3947999991
12/9/2017,973002.3947999991
12/9/2017,973002.3947999991
12/9/2017,973002.3947999991
12/9/2017,973002.3947999991
12/9/2017,973002.3947999991
12/9/2017,973002.3947999991
12/9/2017,973002.3947999991
12/9/2017,973002.3947999991
12/9/2017,973002.3947999991
12/9/2017,973002.3947999991
12/9/2017,973002.3947999991
12/9/2017,973002.3947999991
12/9/2017,973002.3947999991
12/9/2017,973002.3947999991
12/9/2017,973002.3947999991
12/9/2017,973002.3947999991
12/9/2017,973002.3947999991
12/9/2017,973002.3947999991
12/9/2017,973002.3947999991
2/1/2014,973471.2947999991
2/1/2016,973633.2647999991
2/1/2016,973633.2647999991
2/10/2015,973710.5047999991
2/10/2017,973937.6077999991
2/10/2017,973937.6077999991
2/11/2014,975981.0077999989
2/11/2014,975981.0077999989
2/11/2014,975981.0077999989
2/11/2014,975981.0077999989
2/11/2014,975981.0077999989
2/11/2014,975981.0077999989
2/11/2014,975981.0077999989
2/11/2014,975981.0077999989
2/11/2014,975981.0077999989
2/11/2016,976050.9377999989
2/11/2017,977292.4537999989
2/11/2017,977292.4537999989
2/11/2017,977292.4537999989
2/11/2017,977292.4537999989
2/11/2017,977292.4537999989
2/12/2014,977422.0217999988
2/12/2016,978788.0617999989
2/12/2016,978788.0617999989
2/13/2016,978934.8817999988
2/13/2017,979993.3117999987
2/13/2017,979993.3117999987
2/13/2017,979993.3117999987
2/13/2017,979993.3117999987
2/13/2017,979993.3117999987
2/13/2017,979993.3117999987
2/13/2017,979993.3117999987
2/14/2014,980570.0377999987
2/14/2014,980570.0377999987
2/14/2014,980570.0377999987
2/14/2014,980570.0377999987
2/14/2015,981649.9997999986
2/14/2015,981649.9997999986
2/14/2015,981649.9997999986
2/14/2015,981649.9997999986
2/14/2015,981649.9997999986
2/14/2015,981649.9997999986
2/14/2015,981649.9997999986
2/14/2016,982487.9207999987
2/14/2016,982487.9207999987
2/14/2016,982487.9207999987
2/14/2016,982487.9207999987
2/14/2016,982487.9207999987
2/15/2014,982509.2807999987
2/15/2015,984111.6607999984
2/15/2015,984111.6607999984
2/15/2015,984111.6607999984
2/15/2015,984111.6607999984
2/15/2015,984111.6607999984
2/15/2015,984111.6607999984
2/15/2015,984111.6607999984
2/15/2015,984111.6607999984
2/15/2016,984518.7327999984
2/15/2016,984518.7327999984
2/16/2014,984527.7727999983
2/16/2014,984527.7727999983
2/16/2015,984688.2027999982
2/16/2015,984688.2027999982
2/16/2015,984688.2027999982
2/16/2016,985823.8407999981
2/16/2016,985823.8407999981
2/16/2016,985823.8407999981
2/16/2016,985823.8407999981
2/16/2016,985823.8407999981
2/16/2016,985823.8407999981
2/16/2016,985823.8407999981
2/16/2016,985823.8407999981
2/16/2016,985823.8407999981
2/16/2017,987161.2827999981
2/16/2017,987161.2827999981
2/16/2017,987161.2827999981
2/16/2017,987161.2827999981
2/16/2017,987161.2827999981
2/16/2017,987161.2827999981
2/16/2017,987161.2827999981
2/16/2017,987161.2827999981
2/17/2014,987215.490799998
2/17/2017,990180.308199998
2/17/2017,990180.308199998
2/17/2017,990180.308199998
2/17/2017,990180.308199998
2/17/2017,990180.308199998
2/17/2017,990180.308199998
2/17/2017,990180.308199998
2/17/2017,990180.308199998
2/17/2017,990180.308199998
2/17/2017,990180.308199998
2/17/2017,990180.308199998
2/17/2017,990180.308199998
2/17/2017,990180.308199998
2/18/2014,990218.092199998
2/18/2014,990218.092199998
2/18/2015,990323.936199998
2/18/2015,990323.936199998
2/18/2015,990323.936199998
2/18/2017,990611.262199998
2/18/2017,990611.262199998
2/18/2017,990611.262199998
2/19/2016,991003.9221999979
2/19/2016,991003.9221999979
2/19/2016,991003.9221999979
2/19/2016,991003.9221999979
2/19/2016,991003.9221999979
2/19/2017,992318.5121999979
2/19/2017,992318.5121999979
2/19/2017,992318.5121999979
2/19/2017,992318.5121999979
2/2/2014,992530.1581999979
2/2/2014,992530.1581999979
2/2/2014,992530.1581999979
2/2/2016,1001526.9421999977
2/2/2016,1001526.9421999977
2/2/2016,1001526.9421999977
2/2/2016,1001526.9421999977
2/2/2016,1001526.9421999977
2/2/2017,1002440.2961999978
2/2/2017,1002440.2961999978
2/2/2017,1002440.2961999978
2/2/2017,1002440.2961999978
2/2/2017,1002440.2961999978
2/2/2017,1002440.2961999978
2/2/2017,1002440.2961999978
2/2/2017,1002440.2961999978
2/2/2017,1002440.2961999978
2/20/2014,1002535.8861999977
2/20/2014,1002535.8861999977
2/20/2014,1002535.8861999977
2/20/2015,1002852.6661999978
2/20/2015,1002852.6661999978
2/20/2016,1002869.1621999978
2/20/2017,1004019.4521999978
2/20/2017,1004019.4521999978
2/20/2017,1004019.4521999978
2/20/2017,1004019.4521999978
2/20/2017,1004019.4521999978
2/20/2017,1004019.4521999978
2/20/2017,1004019.4521999978
2/20/2017,1004019.4521999978
2/20/2017,1004019.4521999978
2/20/2017,1004019.4521999978
2/20/2017,1004019.4521999978
2/21/2014,1004028.3021999978
2/21/2015,1006619.4021999978
2/21/2015,1006619.4021999978
2/21/2016,1008143.5281999978
2/21/2016,1008143.5281999978
2/21/2016,1008143.5281999978
2/21/2016,1008143.5281999978
2/21/2016,1008143.5281999978
2/21/2016,1008143.5281999978
2/21/2016,1008143.5281999978
2/21/2016,1008143.5281999978
2/21/2016,1008143.5281999978
2/21/2016,1008143.5281999978
2/21/2016,1008143.5281999978
2/21/2017,1008191.4321999978
2/22/2014,1008210.8721999978
2/22/2015,1008290.2321999978
2/22/2016,1009273.4021999977
2/22/2016,1009273.4021999977
2/22/2016,1009273.4021999977
2/22/2016,1009273.4021999977
2/23/2014,1009284.7661999976
2/23/2014,1009284.7661999976
2/23/2015,1009322.5421999976
2/23/2015,1009322.5421999976
2/23/2016,1009380.1181999976
2/23/2017,1009497.9181999975
2/23/2017,1009497.9181999975
2/23/2017,1009497.9181999975
2/24/2014,1009553.5901999974
2/24/2014,1009553.5901999974
2/24/2017,1011002.2661999975
2/24/2017,1011002.2661999975
2/24/2017,1011002.2661999975
2/25/2015,1011028.1361999975
2/25/2015,1011028.1361999975
2/25/2016,1011074.8561999975
2/25/2017,1011505.3481999974
2/25/2017,1011505.3481999974
2/25/2017,1011505.3481999974
2/26/2017,1014352.9941999975
2/26/2017,1014352.9941999975
2/26/2017,1014352.9941999975
2/26/2017,1014352.9941999975
2/26/2017,1014352.9941999975
2/26/2017,1014352.9941999975
2/26/2017,1014352.9941999975
2/26/2017,1014352.9941999975
2/26/2017,1014352.9941999975
2/27/2014,1014372.4501999975
2/27/2015,1015531.7211999976
2/27/2015,1015531.7211999976
2/27/2015,1015531.7211999976
2/27/2015,1015531.7211999976
2/27/2015,1015531.7211999976
2/27/2016,1015775.6131999976
2/27/2016,1015775.6131999976
2/27/2016,1015775.6131999976
2/28/2015,1016326.8771999975
2/28/2015,1016326.8771999975
2/28/2016,1016363.3571999975
2/28/2017,1016380.9771999975
2/28/2017,1016380.9771999975
2/29/2016,1016492.0811999976
2/3/2014,1016589.1931999975
2/3/2014,1016589.1931999975
2/3/2015,1017082.0291999975
2/3/2015,1017082.0291999975
2/3/2015,1017082.0291999975
2/3/2015,1017082.0291999975
2/3/2015,1017082.0291999975
2/3/2015,1017082.0291999975
2/3/2016,1017948.4291999976
2/3/2017,1018870.7561999976
2/3/2017,1018870.7561999976
2/3/2017,1018870.7561999976
2/3/2017,1018870.7561999976
2/3/2017,1018870.7561999976
2/3/2017,1018870.7561999976
2/3/2017,1018870.7561999976
2/3/2017,1018870.7561999976
2/4/2014,1019005.1401999976
2/4/2014,1019005.1401999976
2/4/2014,1019005.1401999976
2/4/2016,1019203.0081999976
2/4/2016,1019203.0081999976
2/4/2016,1019203.0081999976
2/4/2017,1019235.6781999976
2/5/2016,1022230.1541999973
2/5/2016,1022230.1541999973
2/5/2016,1022230.1541999973
2/5/2016,1022230.1541999973
2/5/2016,1022230.1541999973
2/5/2016,1022230.1541999973
2/5/2016,1022230.1541999973
2/5/2016,1022230.1541999973
2/5/2016,1022230.1541999973
2/5/2016,1022230.1541999973
2/5/2016,1022230.1541999973
2/5/2016,1022230.1541999973
2/5/2016,1022230.1541999973
2/5/2016,1022230.1541999973
2/5/2016,1022230.1541999973
2/5/2017,1024493.1661999972
2/5/2017,1024493.1661999972
2/5/2017,1024493.1661999972
2/5/2017,1024493.1661999972
2/6/2014,1024823.6781999972
2/6/2014,1024823.6781999972
2/6/2014,1024823.6781999972
2/6/2014,1024823.6781999972
2/6/2015,1027256.2221999973
2/6/2015,1027256.2221999973
2/6/2015,1027256.2221999973
2/6/2015,1027256.2221999973
2/6/2015,1027256.2221999973
2/6/2015,1027256.2221999973
2/6/2015,1027256.2221999973
2/6/2015,1027256.2221999973
2/6/2015,1027256.2221999973
2/6/2016,1027388.4461999973
2/6/2017,1028292.8001999973
2/6/2017,1028292.8001999973
2/6/2017,1028292.8001999973
2/6/2017,1028292.8001999973
2/6/2017,1028292.8001999973
2/7/2014,1028473.1201999972
2/7/2014,1028473.1201999972
2/7/2015,1028797.2301999972
2/7/2015,1028797.2301999972
2/7/2016,1029559.3721999971
2/7/2016,1029559.3721999971
2/7/2016,1029559.3721999971
2/7/2016,1029559.3721999971
2/8/2014,1029573.9321999971
2/8/2015,1029703.0241999972
2/8/2015,1029703.0241999972
2/8/2015,1029703.0241999972
2/8/2015,1029703.0241999972
2/8/2016,1031072.5001999972
2/8/2016,1031072.5001999972
2/9/2015,1031858.0521999974
2/9/2015,1031858.0521999974
2/9/2015,1031858.0521999974
2/9/2015,1031858.0521999974
2/9/2015,1031858.0521999974
2/9/2016,1031979.8821999973
2/9/2016,1031979.8821999973
2/9/2017,1032753.6461999974
2/9/2017,1032753.6461999974
2/9/2017,1032753.6461999974
2/9/2017,1032753.6461999974
2/9/2017,1032753.6461999974
2/9/2017,1032753.6461999974
3/1/2014,1034956.7971999972
3/1/2014,1034956.7971999972
3/1/2014,1034956.7971999972
3/1/2014,1034956.7971999972
3/1/2014,1034956.7971999972
3/1/2014,1034956.7971999972
3/1/2014,1034956.7971999972
3/1/2014,1034956.7971999972
3/1/2014,1034956.7971999972
3/1/2014,1034956.7971999972
3/1/2015,1036598.9715999973
3/1/2015,1036598.9715999973
3/1/2015,1036598.9715999973
3/1/2015,1036598.9715999973
3/1/2015,1036598.9715999973
3/1/2015,1036598.9715999973
3/1/2015,1036598.9715999973
3/1/2016,1042884.7775999974
3/1/2016,1042884.7775999974
3/1/2016,1042884.7775999974
3/1/2016,1042884.7775999974
3/1/2016,1042884.7775999974
3/10/2014,1043626.7335999974
3/10/2014,1043626.7335999974
3/10/2014,1043626.7335999974
3/10/2015,1043717.6655999973
3/10/2015,1043717.6655999973
3/10/2016,1051597.3995999973
3/10/2016,1051597.3995999973
3/10/2016,1051597.3995999973
3/10/2016,1051597.3995999973
3/10/2016,1051597.3995999973
3/10/2016,1051597.3995999973
3/10/2016,1051597.3995999973
3/10/2017,1052850.3515999971
3/10/2017,1052850.3515999971
3/10/2017,1052850.3515999971
3/10/2017,1052850.3515999971
3/10/2017,1052850.3515999971
3/10/2017,1052850.3515999971
3/10/2017,1052850.3515999971
3/10/2017,1052850.3515999971
3/10/2017,1052850.3515999971
3/11/2014,1053768.665599997
3/11/2014,1053768.665599997
3/11/2014,1053768.665599997
3/11/2014,1053768.665599997
3/11/2014,1053768.665599997
3/11/2014,1053768.665599997
3/11/2014,1053768.665599997
3/11/2014,1053768.665599997
3/11/2016,1054664.6875999968
3/11/2016,1054664.6875999968
3/11/2016,1054664.6875999968
3/11/2016,1054664.6875999968
3/11/2016,1054664.6875999968
3/11/2016,1054664.6875999968
3/11/2017,1056638.3955999967
3/11/2017,1056638.3955999967
3/11/2017,1056638.3955999967
3/11/2017,1056638.3955999967
3/11/2017,1056638.3955999967
3/11/2017,1056638.3955999967
3/11/2017,1056638.3955999967
3/12/2015,1056689.4115999967
3/12/2015,1056689.4115999967
3/12/2015,1056689.4115999967
3/12/2015,1056689.4115999967
3/12/2016,1058384.0535999967
3/12/2016,1058384.0535999967
3/12/2016,1058384.0535999967
3/12/2016,1058384.0535999967
3/12/2016,1058384.0535999967
3/12/2016,1058384.0535999967
3/12/2016,1058384.0535999967
3/12/2017,1058737.3335999965
3/12/2017,1058737.3335999965
3/12/2017,1058737.3335999965
3/13/2015,1060122.1895999964
3/13/2015,1060122.1895999964
3/13/2015,1060122.1895999964
3/13/2016,1068989.0715999964
3/13/2016,1068989.0715999964
3/13/2016,1068989.0715999964
3/13/2016,1068989.0715999964
3/13/2016,1068989.0715999964
3/13/2016,1068989.0715999964
3/13/2016,1068989.0715999964
3/13/2016,1068989.0715999964
3/13/2016,1068989.0715999964
3/13/2016,1068989.0715999964
3/13/2016,1068989.0715999964
3/13/2016,1068989.0715999964
3/13/2016,1068989.0715999964
3/13/2016,1068989.0715999964
3/13/2016,1068989.0715999964
3/13/2016,1068989.0715999964
3/13/2016,1068989.0715999964
3/13/2016,1068989.0715999964
3/13/2016,1068989.0715999964
3/13/2016,1068989.0715999964
3/13/2017,1073780.4215999965
3/13/2017,1073780.4215999965
3/13/2017,1073780.4215999965
3/13/2017,1073780.4215999965
3/13/2017,1073780.4215999965
3/13/2017,1073780.4215999965
3/13/2017,1073780.4215999965
3/13/2017,1073780.4215999965
3/13/2017,1073780.4215999965
3/13/2017,1073780.4215999965
3/13/2017,1073780.4215999965
3/13/2017,1073780.4215999965
3/13/2017,1073780.4215999965
3/13/2017,1073780.4215999965
3/13/2017,1073780.4215999965
3/13/2017,1073780.4215999965
3/13/2017,1073780.4215999965
3/13/2017,1073780.4215999965
3/13/2017,1073780.4215999965
3/13/2017,1073780.4215999965
3/14/2014,1075888.9715999966
3/14/2014,1075888.9715999966
3/14/2014,1075888.9715999966
3/14/2014,1075888.9715999966
3/14/2014,1075888.9715999966
3/14/2014,1075888.9715999966
3/14/2014,1075888.9715999966
3/14/2014,1075888.9715999966
3/14/2014,1075888.9715999966
3/14/2014,1075888.9715999966
3/14/2014,1075888.9715999966
3/14/2015,1076596.8715999965
3/14/2015,1076596.8715999965
3/14/2015,1076596.8715999965
3/14/2016,1077266.2395999962
3/14/2016,1077266.2395999962
3/14/2016,1077266.2395999962
3/14/2016,1077266.2395999962
3/14/2016,1077266.2395999962
3/14/2016,1077266.2395999962
3/14/2016,1077266.2395999962
3/14/2017,1077315.8555999962
3/15/2014,1077686.6375999965
3/15/2014,1077686.6375999965
3/15/2014,1077686.6375999965
3/15/2014,1077686.6375999965
3/15/2014,1077686.6375999965
3/15/2015,1077703.4135999966
3/15/2016,1080060.2215999963
3/15/2016,1080060.2215999963
3/15/2016,1080060.2215999963
3/15/2016,1080060.2215999963
3/15/2016,1080060.2215999963
3/15/2016,1080060.2215999963
3/15/2016,1080060.2215999963
3/16/2014,1080532.1415999962
3/16/2015,1087762.351599996
3/16/2015,1087762.351599996
3/16/2015,1087762.351599996
3/16/2015,1087762.351599996
3/16/2015,1087762.351599996
3/16/2015,1087762.351599996
3/16/2015,1087762.351599996
3/16/2015,1087762.351599996
3/16/2015,1087762.351599996
3/16/2015,1087762.351599996
3/16/2017,1089776.7325999956
3/16/2017,1089776.7325999956
3/16/2017,1089776.7325999956
3/16/2017,1089776.7325999956
3/16/2017,1089776.7325999956
3/16/2017,1089776.7325999956
3/16/2017,1089776.7325999956
3/16/2017,1089776.7325999956
3/16/2017,1089776.7325999956
3/16/2017,1089776.7325999956
3/16/2017,1089776.7325999956
3/16/2017,1089776.7325999956
3/16/2017,1089776.7325999956
3/17/2014,1093737.090599995
3/17/2014,1093737.090599995
3/17/2014,1093737.090599995
3/17/2014,1093737.090599995
3/17/2014,1093737.090599995
3/17/2014,1093737.090599995
3/17/2014,1093737.090599995
3/17/2014,1093737.090599995
3/17/2014,1093737.090599995
3/17/2014,1093737.090599995
3/17/2014,1093737.090599995
3/17/2014,1093737.090599995
3/17/2014,1093737.090599995
3/17/2014,1093737.090599995
3/17/2014,1093737.090599995
3/17/2014,1093737.090599995
3/17/2014,1093737.090599995
3/17/2014,1093737.090599995
3/17/2014,1093737.090599995
3/17/2015,1093785.9305999952
3/17/2015,1093785.9305999952
3/17/2016,1096146.264599995
3/17/2016,1096146.264599995
3/17/2016,1096146.264599995
3/17/2016,1096146.264599995
3/17/2016,1096146.264599995
3/17/2016,1096146.264599995
3/17/2016,1096146.264599995
3/17/2017,1096689.0105999955
3/17/2017,1096689.0105999955
3/17/2017,1096689.0105999955
3/17/2017,1096689.0105999955
3/17/2017,1096689.0105999955
3/17/2017,1096689.0105999955
3/17/2017,1096689.0105999955
3/17/2017,1096689.0105999955
3/17/2017,1096689.0105999955
3/17/2017,1096689.0105999955
3/17/2017,1096689.0105999955
3/17/2017,1096689.0105999955
3/17/2017,1096689.0105999955
3/18/2014,1124795.7265999955
3/18/2014,1124795.7265999955
3/18/2014,1124795.7265999955
3/18/2014,1124795.7265999955
3/18/2014,1124795.7265999955
3/18/2014,1124795.7265999955
3/18/2014,1124795.7265999955
3/18/2014,1124795.7265999955
3/18/2014,1124795.7265999955
3/18/2014,1124795.7265999955
3/18/2014,1124795.7265999955
3/18/2016,1125857.4085999955
3/18/2016,1125857.4085999955
3/18/2017,1126885.1665999955
3/18/2017,1126885.1665999955
3/18/2017,1126885.1665999955
3/18/2017,1126885.1665999955
3/18/2017,1126885.1665999955
3/18/2017,1126885.1665999955
3/18/2017,1126885.1665999955
3/18/2017,1126885.1665999955
3/18/2017,1126885.1665999955
3/18/2017,1126885.1665999955
3/19/2014,1127475.9285999956
3/19/2014,1127475.9285999956
3/19/2014,1127475.9285999956
3/19/2014,1127475.9285999956
3/19/2014,1127475.9285999956
3/19/2014,1127475.9285999956
3/19/2014,1127475.9285999956
3/19/2015,1133128.8681999953
3/19/2015,1133128.8681999953
3/19/2015,1133128.8681999953
3/19/2015,1133128.8681999953
3/19/2015,1133128.8681999953
3/19/2015,1133128.8681999953
3/19/2015,1133128.8681999953
3/19/2015,1133128.8681999953
3/19/2015,1133128.8681999953
3/19/2015,1133128.8681999953
3/19/2015,1133128.8681999953
3/19/2015,1133128.8681999953
3/19/2015,1133128.8681999953
3/19/2016,1133267.5481999952
3/19/2016,1133267.5481999952
3/19/2016,1133267.5481999952
3/19/2016,1133267.5481999952
3/19/2017,1135433.796199995
3/19/2017,1135433.796199995
3/19/2017,1135433.796199995
3/19/2017,1135433.796199995
3/19/2017,1135433.796199995
3/19/2017,1135433.796199995
3/19/2017,1135433.796199995
3/19/2017,1135433.796199995
3/19/2017,1135433.796199995
3/19/2017,1135433.796199995
3/19/2017,1135433.796199995
3/2/2014,1135636.1801999952
3/2/2014,1135636.1801999952
3/2/2014,1135636.1801999952
3/2/2014,1135636.1801999952
3/2/2015,1136535.750199995
3/2/2015,1136535.750199995
3/2/2015,1136535.750199995
3/2/2017,1137985.8761999952
3/2/2017,1137985.8761999952
3/2/2017,1137985.8761999952
3/2/2017,1137985.8761999952
3/2/2017,1137985.8761999952
3/2/2017,1137985.8761999952
3/2/2017,1137985.8761999952
3/2/2017,1137985.8761999952
3/2/2017,1137985.8761999952
3/2/2017,1137985.8761999952
3/2/2017,1137985.8761999952
3/20/2015,1139534.0701999953
3/20/2015,1139534.0701999953
3/20/2015,1139534.0701999953
3/20/2015,1139534.0701999953
3/20/2015,1139534.0701999953
3/20/2015,1139534.0701999953
3/20/2015,1139534.0701999953
3/20/2015,1139534.0701999953
3/20/2015,1139534.0701999953
3/20/2016,1140462.3811999953
3/20/2016,1140462.3811999953
3/20/2016,1140462.3811999953
3/20/2016,1140462.3811999953
3/20/2016,1140462.3811999953
3/20/2016,1140462.3811999953
3/20/2016,1140462.3811999953
3/20/2017,1141361.949199995
3/20/2017,1141361.949199995
3/20/2017,1141361.949199995
3/20/2017,1141361.949199995
3/20/2017,1141361.949199995
3/20/2017,1141361.949199995
3/21/2014,1145471.765199995
3/21/2014,1145471.765199995
3/21/2014,1145471.765199995
3/21/2014,1145471.765199995
3/21/2014,1145471.765199995
3/21/2014,1145471.765199995
3/21/2014,1145471.765199995
3/21/2014,1145471.765199995
3/21/2014,1145471.765199995
3/21/2014,1145471.765199995
3/21/2014,1145471.765199995
3/21/2015,1146742.144199995
3/21/2015,1146742.144199995
3/21/2015,1146742.144199995
3/21/2016,1147387.850199995
3/21/2016,1147387.850199995
3/21/2016,1147387.850199995
3/21/2016,1147387.850199995
3/21/2016,1147387.850199995
3/21/2017,1150720.4861999948
3/21/2017,1150720.4861999948
3/21/2017,1150720.4861999948
3/21/2017,1150720.4861999948
3/21/2017,1150720.4861999948
3/21/2017,1150720.4861999948
3/21/2017,1150720.4861999948
3/21/2017,1150720.4861999948
3/21/2017,1150720.4861999948
3/21/2017,1150720.4861999948
3/21/2017,1150720.4861999948
3/21/2017,1150720.4861999948
3/22/2014,1151184.579199995
3/22/2014,1151184.579199995
3/22/2014,1151184.579199995
3/22/2014,1151184.579199995
3/22/2014,1151184.579199995
3/22/2015,1153666.0031999948
3/22/2015,1153666.0031999948
3/22/2015,1153666.0031999948
3/22/2015,1153666.0031999948
3/22/2015,1153666.0031999948
3/22/2015,1153666.0031999948
3/22/2015,1153666.0031999948
3/22/2015,1153666.0031999948
3/22/2015,1153666.0031999948
3/22/2015,1153666.0031999948
3/22/2016,1153892.471199995
3/22/2016,1153892.471199995
3/23/2014,1154837.535199995
3/23/2014,1154837.535199995
3/23/2014,1154837.535199995
3/23/2015,1155470.837199995
3/23/2015,1155470.837199995
3/23/2015,1155470.837199995
3/23/2015,1155470.837199995
3/23/2015,1155470.837199995
3/23/2015,1155470.837199995
3/23/2017,1170286.905199995
3/23/2017,1170286.905199995
3/23/2017,1170286.905199995
3/23/2017,1170286.905199995
3/23/2017,1170286.905199995
3/23/2017,1170286.905199995
3/23/2017,1170286.905199995
3/23/2017,1170286.905199995
3/24/2014,1170352.285199995
3/24/2014,1170352.285199995
3/24/2015,1170765.2351999949
3/24/2015,1170765.2351999949
3/24/2015,1170765.2351999949
3/24/2016,1171511.0091999948
3/24/2016,1171511.0091999948
3/24/2016,1171511.0091999948
3/24/2016,1171511.0091999948
3/24/2017,1172768.3071999946
3/24/2017,1172768.3071999946
3/24/2017,1172768.3071999946
3/24/2017,1172768.3071999946
3/24/2017,1172768.3071999946
3/24/2017,1172768.3071999946
3/24/2017,1172768.3071999946
3/25/2014,1173227.4531999945
3/25/2014,1173227.4531999945
3/25/2014,1173227.4531999945
3/25/2014,1173227.4531999945
3/25/2014,1173227.4531999945
3/25/2016,1174574.4231999945
3/25/2016,1174574.4231999945
3/25/2017,1178141.4491999946
3/25/2017,1178141.4491999946
3/25/2017,1178141.4491999946
3/25/2017,1178141.4491999946
3/25/2017,1178141.4491999946
3/25/2017,1178141.4491999946
3/25/2017,1178141.4491999946
3/25/2017,1178141.4491999946
3/25/2017,1178141.4491999946
3/25/2017,1178141.4491999946
3/25/2017,1178141.4491999946
3/25/2017,1178141.4491999946
3/26/2014,1178286.5791999947
3/26/2014,1178286.5791999947
3/26/2014,1178286.5791999947
3/26/2014,1178286.5791999947
3/26/2014,1178286.5791999947
3/26/2015,1182909.9491999946
3/26/2015,1182909.9491999946
3/26/2015,1182909.9491999946
3/26/2015,1182909.9491999946
3/26/2015,1182909.9491999946
3/26/2015,1182909.9491999946
3/26/2016,1183592.1951999944
3/26/2016,1183592.1951999944
3/26/2016,1183592.1951999944
3/26/2016,1183592.1951999944
3/26/2016,1183592.1951999944
3/26/2017,1186845.0751999945
3/26/2017,1186845.0751999945
3/26/2017,1186845.0751999945
3/26/2017,1186845.0751999945
3/26/2017,1186845.0751999945
3/26/2017,1186845.0751999945
3/26/2017,1186845.0751999945
3/26/2017,1186845.0751999945
3/26/2017,1186845.0751999945
3/26/2017,1186845.0751999945
3/26/2017,1186845.0751999945
3/27/2015,1186928.7751999944
3/27/2016,1187021.4751999944
3/27/2016,1187021.4751999944
3/27/2016,1187021.4751999944
3/27/2017,1189954.9911999942
3/27/2017,1189954.9911999942
3/27/2017,1189954.9911999942
3/27/2017,1189954.9911999942
3/27/2017,1189954.9911999942
3/27/2017,1189954.9911999942
3/27/2017,1189954.9911999942
3/27/2017,1189954.9911999942
3/27/2017,1189954.9911999942
3/27/2017,1189954.9911999942
3/27/2017,1189954.9911999942
3/27/2017,1189954.9911999942
3/27/2017,1189954.9911999942
3/27/2017,1189954.9911999942
3/28/2014,1191778.7951999942
3/28/2014,1191778.7951999942
3/28/2014,1191778.7951999942
3/28/2014,1191778.7951999942
3/28/2015,1192022.139199994
3/28/2015,1192022.139199994
3/28/2015,1192022.139199994
3/28/2015,1192022.139199994
3/28/2015,1192022.139199994
3/28/2016,1192147.4391999939
3/28/2016,1192147.4391999939
3/28/2016,1192147.4391999939
3/28/2017,1193652.141199994
3/28/2017,1193652.141199994
3/28/2017,1193652.141199994
3/28/2017,1193652.141199994
3/28/2017,1193652.141199994
3/28/2017,1193652.141199994
3/28/2017,1193652.141199994
3/28/2017,1193652.141199994
3/29/2014,1194542.982199994
3/29/2015,1196102.0621999938
3/29/2015,1196102.0621999938
3/29/2015,1196102.0621999938
3/29/2015,1196102.0621999938
3/29/2015,1196102.0621999938
3/29/2015,1196102.0621999938
3/29/2015,1196102.0621999938
3/29/2015,1196102.0621999938
3/29/2016,1198761.4011999937
3/29/2016,1198761.4011999937
3/29/2016,1198761.4011999937
3/29/2016,1198761.4011999937
3/29/2016,1198761.4011999937
3/29/2016,1198761.4011999937
3/29/2016,1198761.4011999937
3/29/2016,1198761.4011999937
3/29/2016,1198761.4011999937
3/29/2017,1198842.8011999936
3/3/2014,1200188.6931999938
3/3/2014,1200188.6931999938
3/3/2014,1200188.6931999938
3/3/2014,1200188.6931999938
3/3/2014,1200188.6931999938
3/3/2014,1200188.6931999938
3/3/2014,1200188.6931999938
3/3/2014,1200188.6931999938
3/3/2014,1200188.6931999938
3/3/2016,1207453.1151999938
3/3/2016,1207453.1151999938
3/3/2016,1207453.1151999938
3/3/2016,1207453.1151999938
3/3/2016,1207453.1151999938
3/3/2016,1207453.1151999938
3/3/2016,1207453.1151999938
3/3/2016,1207453.1151999938
3/3/2016,1207453.1151999938
3/3/2016,1207453.1151999938
3/3/2016,1207453.1151999938
3/3/2016,1207453.1151999938
3/3/2016,1207453.1151999938
3/3/2016,1207453.1151999938
3/3/2016,1207453.1151999938
3/3/2017,1209453.2191999936
3/3/2017,1209453.2191999936
3/3/2017,1209453.2191999936
3/3/2017,1209453.2191999936
3/3/2017,1209453.2191999936
3/3/2017,1209453.2191999936
3/3/2017,1209453.2191999936
3/30/2014,1210623.5411999933
3/30/2014,1210623.5411999933
3/30/2014,1210623.5411999933
3/30/2014,1210623.5411999933
3/30/2014,1210623.5411999933
3/30/2014,1210623.5411999933
3/30/2014,1210623.5411999933
3/30/2014,1210623.5411999933
3/30/2014,1210623.5411999933
3/30/2015,1211194.7651999933
3/30/2015,1211194.7651999933
3/30/2015,1211194.7651999933
3/30/2016,1211206.1051999934
3/30/2017,1211862.5121999935
3/30/2017,1211862.5121999935
3/30/2017,1211862.5121999935
3/30/2017,1211862.5121999935
3/30/2017,1211862.5121999935
3/30/2017,1211862.5121999935
3/31/2014,1213822.0641999932
3/31/2014,1213822.0641999932
3/31/2014,1213822.0641999932
3/31/2014,1213822.0641999932
3/31/2014,1213822.0641999932
3/31/2014,1213822.0641999932
3/31/2014,1213822.0641999932
3/31/2014,1213822.0641999932
3/31/2014,1213822.0641999932
3/31/2015,1214022.780199993
3/31/2015,1214022.780199993
3/31/2015,1214022.780199993
3/31/2016,1214663.5421999928
3/31/2016,1214663.5421999928
3/31/2016,1214663.5421999928
3/31/2017,1219644.552999993
3/31/2017,1219644.552999993
3/31/2017,1219644.552999993
3/31/2017,1219644.552999993
3/31/2017,1219644.552999993
3/31/2017,1219644.552999993
3/31/2017,1219644.552999993
3/31/2017,1219644.552999993
3/31/2017,1219644.552999993
3/31/2017,1219644.552999993
3/31/2017,1219644.552999993
3/31/2017,1219644.552999993
3/31/2017,1219644.552999993
3/4/2014,1220015.004999993
3/4/2014,1220015.004999993
3/4/2016,1220330.4549999929
3/4/2016,1220330.4549999929
3/4/2016,1220330.4549999929
3/4/2016,1220330.4549999929
3/4/2017,1220559.2769999928
3/4/2017,1220559.2769999928
3/4/2017,1220559.2769999928
3/4/2017,1220559.2769999928
3/4/2017,1220559.2769999928
3/4/2017,1220559.2769999928
3/5/2014,1221264.838999993
3/5/2014,1221264.838999993
3/5/2014,1221264.838999993
3/5/2014,1221264.838999993
3/5/2014,1221264.838999993
3/5/2015,1223234.105999993
3/5/2015,1223234.105999993
3/5/2015,1223234.105999993
3/5/2015,1223234.105999993
3/5/2015,1223234.105999993
3/5/2015,1223234.105999993
3/5/2015,1223234.105999993
3/5/2015,1223234.105999993
3/5/2015,1223234.105999993
3/5/2015,1223234.105999993
3/5/2015,1223234.105999993
3/5/2015,1223234.105999993
3/5/2015,1223234.105999993
3/5/2015,1223234.105999993
3/5/2015,1223234.105999993
3/5/2015,1223234.105999993
3/5/2016,1223396.449999993
3/5/2016,1223396.449999993
3/5/2017,1224636.4699999928
3/5/2017,1224636.4699999928
3/5/2017,1224636.4699999928
3/5/2017,1224636.4699999928
3/5/2017,1224636.4699999928
3/5/2017,1224636.4699999928
3/5/2017,1224636.4699999928
3/5/2017,1224636.4699999928
3/5/2017,1224636.4699999928
3/6/2015,1226191.7139999927
3/6/2015,1226191.7139999927
3/6/2016,1227003.0169999925
3/6/2016,1227003.0169999925
3/6/2016,1227003.0169999925
3/6/2016,1227003.0169999925
3/6/2016,1227003.0169999925
3/6/2016,1227003.0169999925
3/6/2016,1227003.0169999925
3/6/2017,1227781.2529999923
3/6/2017,1227781.2529999923
3/6/2017,1227781.2529999923
3/6/2017,1227781.2529999923
3/6/2017,1227781.2529999923
3/6/2017,1227781.2529999923
3/6/2017,1227781.2529999923
3/6/2017,1227781.2529999923
3/6/2017,1227781.2529999923
3/6/2017,1227781.2529999923
3/7/2014,1229342.314999992
3/7/2014,1229342.314999992
3/7/2014,1229342.314999992
3/7/2014,1229342.314999992
3/7/2014,1229342.314999992
3/7/2014,1229342.314999992
3/7/2014,1229342.314999992
3/7/2014,1229342.314999992
3/7/2015,1230149.854999992
3/7/2015,1230149.854999992
3/7/2015,1230149.854999992
3/7/2015,1230149.854999992
3/7/2016,1230170.926999992
3/7/2017,1230337.516999992
3/7/2017,1230337.516999992
3/7/2017,1230337.516999992
3/8/2015,1232900.812999992
3/8/2015,1232900.812999992
3/8/2015,1232900.812999992
3/8/2015,1232900.812999992
3/8/2015,1232900.812999992
3/8/2015,1232900.812999992
3/8/2015,1232900.812999992
3/8/2015,1232900.812999992
3/8/2016,1235091.6229999918
3/8/2016,1235091.6229999918
3/8/2016,1235091.6229999918
3/8/2016,1235091.6229999918
3/8/2016,1235091.6229999918
3/8/2016,1235091.6229999918
3/8/2016,1235091.6229999918
3/8/2016,1235091.6229999918
3/8/2016,1235091.6229999918
3/8/2016,1235091.6229999918
3/8/2016,1235091.6229999918
3/8/2016,1235091.6229999918
3/8/2016,1235091.6229999918
3/8/2017,1235934.7229999918
3/8/2017,1235934.7229999918
3/8/2017,1235934.7229999918
3/8/2017,1235934.7229999918
3/9/2015,1236412.7309999918
3/9/2015,1236412.7309999918
3/9/2015,1236412.7309999918
3/9/2016,1237048.3309999916
3/9/2016,1237048.3309999916
3/9/2016,1237048.3309999916
3/9/2016,1237048.3309999916
3/9/2016,1237048.3309999916
3/9/2017,1237759.1349999916
3/9/2017,1237759.1349999916
3/9/2017,1237759.1349999916
4/1/2014,1237879.0229999917
4/1/2014,1237879.0229999917
4/1/2014,1237879.0229999917
4/1/2014,1237879.0229999917
4/1/2016,1240040.5029999919
4/1/2016,1240040.5029999919
4/1/2016,1240040.5029999919
4/1/2016,1240040.5029999919
4/1/2016,1240040.5029999919
4/1/2016,1240040.5029999919
4/1/2016,1240040.5029999919
4/1/2016,1240040.5029999919
4/1/2016,1240040.5029999919
4/1/2016,1240040.5029999919
4/1/2016,1240040.5029999919
4/1/2016,1240040.5029999919
4/1/2016,1240040.5029999919
4/1/2016,1240040.5029999919
4/1/2016,1240040.5029999919
4/1/2016,1240040.5029999919
4/1/2016,1240040.5029999919
4/1/2017,1246013.4909999915
4/1/2017,1246013.4909999915
4/1/2017,1246013.4909999915
4/1/2017,1246013.4909999915
4/1/2017,1246013.4909999915
4/1/2017,1246013.4909999915
4/1/2017,1246013.4909999915
4/1/2017,1246013.4909999915
4/1/2017,1246013.4909999915
4/1/2017,1246013.4909999915
4/1/2017,1246013.4909999915
4/1/2017,1246013.4909999915
4/10/2015,1246183.0329999914
4/10/2015,1246183.0329999914
4/10/2015,1246183.0329999914
4/10/2016,1247133.6269999912
4/10/2016,1247133.6269999912
4/10/2016,1247133.6269999912
4/10/2016,1247133.6269999912
4/10/2016,1247133.6269999912
4/10/2016,1247133.6269999912
4/10/2016,1247133.6269999912
4/10/2016,1247133.6269999912
4/10/2017,1247889.1559999913
4/10/2017,1247889.1559999913
4/10/2017,1247889.1559999913
4/10/2017,1247889.1559999913
4/10/2017,1247889.1559999913
4/10/2017,1247889.1559999913
4/10/2017,1247889.1559999913
4/10/2017,1247889.1559999913
4/10/2017,1247889.1559999913
4/10/2017,1247889.1559999913
4/11/2014,1249804.3959999913
4/11/2014,1249804.3959999913
4/11/2014,1249804.3959999913
4/11/2014,1249804.3959999913
4/11/2014,1249804.3959999913
4/11/2014,1249804.3959999913
4/11/2014,1249804.3959999913
4/11/2014,1249804.3959999913
4/11/2014,1249804.3959999913
4/11/2015,1251132.7419999915
4/11/2015,1251132.7419999915
4/11/2015,1251132.7419999915
4/11/2015,1251132.7419999915
4/11/2015,1251132.7419999915
4/11/2015,1251132.7419999915
4/11/2015,1251132.7419999915
4/11/2017,1251452.5479999918
4/11/2017,1251452.5479999918
4/11/2017,1251452.5479999918
4/11/2017,1251452.5479999918
4/11/2017,1251452.5479999918
4/11/2017,1251452.5479999918
4/11/2017,1251452.5479999918
4/12/2014,1253364.6709999917
4/12/2014,1253364.6709999917
4/12/2014,1253364.6709999917
4/12/2014,1253364.6709999917
4/12/2014,1253364.6709999917
4/12/2014,1253364.6709999917
4/12/2015,1253405.4109999917
4/12/2016,1254947.9409999915
4/12/2016,1254947.9409999915
4/12/2016,1254947.9409999915
4/12/2016,1254947.9409999915
4/12/2016,1254947.9409999915
4/12/2016,1254947.9409999915
4/12/2016,1254947.9409999915
4/12/2016,1254947.9409999915
4/12/2016,1254947.9409999915
4/12/2016,1254947.9409999915
4/12/2016,1254947.9409999915
4/12/2017,1255017.6009999914
4/12/2017,1255017.6009999914
4/13/2014,1255656.1769999915
4/13/2014,1255656.1769999915
4/13/2014,1255656.1769999915
4/13/2014,1255656.1769999915
4/13/2014,1255656.1769999915
4/13/2015,1258848.8549999911
4/13/2015,1258848.8549999911
4/13/2015,1258848.8549999911
4/13/2015,1258848.8549999911
4/13/2015,1258848.8549999911
4/13/2015,1258848.8549999911
4/13/2015,1258848.8549999911
4/13/2015,1258848.8549999911
4/13/2015,1258848.8549999911
4/13/2015,1258848.8549999911
4/13/2015,1258848.8549999911
4/13/2015,1258848.8549999911
4/13/2015,1258848.8549999911
4/13/2015,1258848.8549999911
4/13/2015,1258848.8549999911
4/13/2016,1258854.9749999912
4/13/2017,1260200.798999991
4/13/2017,1260200.798999991
4/13/2017,1260200.798999991
4/13/2017,1260200.798999991
4/14/2015,1260236.0069999911
4/14/2016,1261702.5789999913
4/14/2016,1261702.5789999913
4/14/2016,1261702.5789999913
4/14/2016,1261702.5789999913
4/14/2016,1261702.5789999913
4/14/2017,1262355.5089999912
4/14/2017,1262355.5089999912
4/14/2017,1262355.5089999912
4/14/2017,1262355.5089999912
4/14/2017,1262355.5089999912
4/14/2017,1262355.5089999912
4/14/2017,1262355.5089999912
4/14/2017,1262355.5089999912
4/15/2014,1262650.2289999912
4/15/2014,1262650.2289999912
4/15/2016,1264852.0849999909
4/15/2016,1264852.0849999909
4/15/2016,1264852.0849999909
4/15/2016,1264852.0849999909
4/15/2016,1264852.0849999909
4/15/2016,1264852.0849999909
4/15/2016,1264852.0849999909
4/15/2016,1264852.0849999909
4/15/2017,1265184.4229999906
4/15/2017,1265184.4229999906
4/15/2017,1265184.4229999906
4/15/2017,1265184.4229999906
4/15/2017,1265184.4229999906
4/15/2017,1265184.4229999906
4/16/2014,1265223.4949999906
4/16/2015,1269385.4669999904
4/16/2015,1269385.4669999904
4/16/2015,1269385.4669999904
4/16/2015,1269385.4669999904
4/16/2015,1269385.4669999904
4/16/2015,1269385.4669999904
4/16/2015,1269385.4669999904
4/16/2015,1269385.4669999904
4/16/2015,1269385.4669999904
4/16/2015,1269385.4669999904
4/16/2015,1269385.4669999904
4/16/2015,1269385.4669999904
4/16/2015,1269385.4669999904
4/16/2015,1269385.4669999904
4/16/2016,1278720.5529999905
4/16/2016,1278720.5529999905
4/16/2016,1278720.5529999905
4/16/2016,1278720.5529999905
4/16/2016,1278720.5529999905
4/16/2016,1278720.5529999905
4/16/2016,1278720.5529999905
4/16/2017,1279664.9819999905
4/16/2017,1279664.9819999905
4/16/2017,1279664.9819999905
4/16/2017,1279664.9819999905
4/16/2017,1279664.9819999905
4/16/2017,1279664.9819999905
4/16/2017,1279664.9819999905
4/16/2017,1279664.9819999905
4/16/2017,1279664.9819999905
4/16/2017,1279664.9819999905
4/17/2015,1282410.0879999907
4/17/2015,1282410.0879999907
4/17/2015,1282410.0879999907
4/17/2015,1282410.0879999907
4/17/2015,1282410.0879999907
4/17/2015,1282410.0879999907
4/17/2015,1282410.0879999907
4/17/2015,1282410.0879999907
4/17/2016,1282831.1729999909
4/17/2016,1282831.1729999909
4/17/2016,1282831.1729999909
4/17/2016,1282831.1729999909
4/17/2016,1282831.1729999909
4/17/2017,1286262.6319999904
4/17/2017,1286262.6319999904
4/17/2017,1286262.6319999904
4/17/2017,1286262.6319999904
4/17/2017,1286262.6319999904
4/17/2017,1286262.6319999904
4/17/2017,1286262.6319999904
4/17/2017,1286262.6319999904
4/17/2017,1286262.6319999904
4/17/2017,1286262.6319999904
4/17/2017,1286262.6319999904
4/17/2017,1286262.6319999904
4/17/2017,1286262.6319999904
4/18/2014,1287283.1639999908
4/18/2014,1287283.1639999908
4/18/2014,1287283.1639999908
4/18/2014,1287283.1639999908
4/18/2014,1287283.1639999908
4/18/2014,1287283.1639999908
4/18/2014,1287283.1639999908
4/18/2014,1287283.1639999908
4/18/2015,1289290.1239999903
4/18/2015,1289290.1239999903
4/18/2015,1289290.1239999903
4/18/2015,1289290.1239999903
4/18/2015,1289290.1239999903
4/18/2015,1289290.1239999903
4/18/2015,1289290.1239999903
4/18/2015,1289290.1239999903
4/18/2015,1289290.1239999903
4/18/2015,1289290.1239999903
4/18/2015,1289290.1239999903
4/18/2015,1289290.1239999903
4/18/2015,1289290.1239999903
4/18/2015,1289290.1239999903
4/18/2015,1289290.1239999903
4/18/2015,1289290.1239999903
4/18/2015,1289290.1239999903
4/18/2015,1289290.1239999903
4/18/2016,1291804.6619999902
4/18/2016,1291804.6619999902
4/18/2016,1291804.6619999902
4/18/2016,1291804.6619999902
4/18/2016,1291804.6619999902
4/18/2016,1291804.6619999902
4/18/2016,1291804.6619999902
4/18/2016,1291804.6619999902
4/18/2016,1291804.6619999902
4/19/2014,1292010.1319999902
4/19/2014,1292010.1319999902
4/19/2014,1292010.1319999902
4/19/2015,1292340.0919999902
4/19/2015,1292340.0919999902
4/19/2016,1293754.2239999897
4/19/2016,1293754.2239999897
4/19/2016,1293754.2239999897
4/19/2016,1293754.2239999897
4/19/2016,1293754.2239999897
4/19/2016,1293754.2239999897
4/19/2016,1293754.2239999897
4/19/2016,1293754.2239999897
4/19/2016,1293754.2239999897
4/19/2016,1293754.2239999897
4/19/2016,1293754.2239999897
4/19/2016,1293754.2239999897
4/19/2016,1293754.2239999897
4/19/2016,1293754.2239999897
4/19/2016,1293754.2239999897
4/2/2014,1295212.7819999894
4/2/2014,1295212.7819999894
4/2/2014,1295212.7819999894
4/2/2014,1295212.7819999894
4/2/2014,1295212.7819999894
4/2/2014,1295212.7819999894
4/2/2015,1295512.0019999896
4/2/2015,1295512.0019999896
4/2/2015,1295512.0019999896
4/2/2015,1295512.0019999896
4/2/2015,1295512.0019999896
4/2/2015,1295512.0019999896
4/2/2016,1296966.9019999895
4/2/2017,1297789.8719999897
4/2/2017,1297789.8719999897
4/2/2017,1297789.8719999897
4/2/2017,1297789.8719999897
4/2/2017,1297789.8719999897
4/20/2014,1299040.32199999
4/20/2014,1299040.32199999
4/20/2014,1299040.32199999
4/20/2014,1299040.32199999
4/20/2015,1300235.0479999897
4/20/2015,1300235.0479999897
4/20/2015,1300235.0479999897
4/20/2015,1300235.0479999897
4/20/2015,1300235.0479999897
4/20/2017,1302268.2879999897
4/20/2017,1302268.2879999897
4/20/2017,1302268.2879999897
4/20/2017,1302268.2879999897
4/20/2017,1302268.2879999897
4/20/2017,1302268.2879999897
4/20/2017,1302268.2879999897
4/20/2017,1302268.2879999897
4/20/2017,1302268.2879999897
4/20/2017,1302268.2879999897
4/20/2017,1302268.2879999897
4/20/2017,1302268.2879999897
4/20/2017,1302268.2879999897
4/21/2014,1303113.6479999898
4/21/2014,1303113.6479999898
4/21/2015,1304006.7379999897
4/21/2015,1304006.7379999897
4/21/2015,1304006.7379999897
4/21/2015,1304006.7379999897
4/21/2016,1304278.3539999896
4/21/2016,1304278.3539999896
4/21/2016,1304278.3539999896
4/21/2016,1304278.3539999896
4/21/2016,1304278.3539999896
4/21/2016,1304278.3539999896
4/21/2017,1305532.9179999896
4/21/2017,1305532.9179999896
4/21/2017,1305532.9179999896
4/21/2017,1305532.9179999896
4/21/2017,1305532.9179999896
4/21/2017,1305532.9179999896
4/21/2017,1305532.9179999896
4/21/2017,1305532.9179999896
4/22/2014,1305790.6699999897
4/22/2014,1305790.6699999897
4/22/2015,1305943.5859999896
4/22/2015,1305943.5859999896
4/22/2016,1307709.0509999897
4/22/2016,1307709.0509999897
4/22/2016,1307709.0509999897
4/22/2016,1307709.0509999897
4/22/2016,1307709.0509999897
4/22/2016,1307709.0509999897
4/22/2016,1307709.0509999897
4/22/2016,1307709.0509999897
4/22/2016,1307709.0509999897
4/22/2016,1307709.0509999897
4/22/2017,1308656.7429999898
4/22/2017,1308656.7429999898
4/22/2017,1308656.7429999898
4/23/2014,1309300.7229999895
4/23/2014,1309300.7229999895
4/23/2014,1309300.7229999895
4/23/2014,1309300.7229999895
4/23/2014,1309300.7229999895
4/23/2014,1309300.7229999895
4/23/2016,1310021.0909999893
4/23/2016,1310021.0909999893
4/23/2016,1310021.0909999893
4/23/2016,1310021.0909999893
4/23/2016,1310021.0909999893
4/23/2016,1310021.0909999893
4/23/2016,1310021.0909999893
4/23/2016,1310021.0909999893
4/23/2017,1311220.3129999894
4/23/2017,1311220.3129999894
4/23/2017,1311220.3129999894
4/23/2017,1311220.3129999894
4/23/2017,1311220.3129999894
4/23/2017,1311220.3129999894
4/23/2017,1311220.3129999894
4/23/2017,1311220.3129999894
4/23/2017,1311220.3129999894
4/23/2017,1311220.3129999894
4/23/2017,1311220.3129999894
4/23/2017,1311220.3129999894
4/23/2017,1311220.3129999894
4/23/2017,1311220.3129999894
4/23/2017,1311220.3129999894
4/24/2015,1311246.3029999894
4/24/2016,1312853.4029999892
4/24/2016,1312853.4029999892
4/24/2016,1312853.4029999892
4/24/2016,1312853.4029999892
4/24/2016,1312853.4029999892
4/24/2017,1313781.9609999892
4/24/2017,1313781.9609999892
4/24/2017,1313781.9609999892
4/24/2017,1313781.9609999892
4/24/2017,1313781.9609999892
4/24/2017,1313781.9609999892
4/24/2017,1313781.9609999892
4/24/2017,1313781.9609999892
4/24/2017,1313781.9609999892
4/25/2014,1316161.9549999891
4/25/2014,1316161.9549999891
4/25/2014,1316161.9549999891
4/25/2014,1316161.9549999891
4/25/2014,1316161.9549999891
4/25/2014,1316161.9549999891
4/25/2015,1317082.900999989
4/25/2015,1317082.900999989
4/25/2015,1317082.900999989
4/25/2015,1317082.900999989
4/25/2015,1317082.900999989
4/25/2015,1317082.900999989
4/25/2015,1317082.900999989
4/25/2016,1317191.3209999888
4/25/2016,1317191.3209999888
4/25/2016,1317191.3209999888
4/25/2017,1317869.4339999887
4/25/2017,1317869.4339999887
4/25/2017,1317869.4339999887
4/25/2017,1317869.4339999887
4/25/2017,1317869.4339999887
4/25/2017,1317869.4339999887
4/25/2017,1317869.4339999887
4/25/2017,1317869.4339999887
4/26/2014,1318152.0019999887
4/26/2014,1318152.0019999887
4/26/2014,1318152.0019999887
4/26/2014,1318152.0019999887
4/26/2015,1320242.1074999887
4/26/2015,1320242.1074999887
4/26/2015,1320242.1074999887
4/26/2015,1320242.1074999887
4/26/2015,1320242.1074999887
4/26/2015,1320242.1074999887
4/26/2015,1320242.1074999887
4/26/2015,1320242.1074999887
4/26/2015,1320242.1074999887
4/26/2015,1320242.1074999887
4/26/2016,1320676.7534999887
4/26/2017,1320738.3614999887
4/26/2017,1320738.3614999887
4/26/2017,1320738.3614999887
4/27/2015,1323457.9514999888
4/27/2015,1323457.9514999888
4/27/2015,1323457.9514999888
4/27/2015,1323457.9514999888
4/27/2015,1323457.9514999888
4/27/2017,1324034.527099989
4/27/2017,1324034.527099989
4/27/2017,1324034.527099989
4/27/2017,1324034.527099989
4/27/2017,1324034.527099989
4/27/2017,1324034.527099989
4/28/2014,1326613.003099989
4/28/2014,1326613.003099989
4/28/2014,1326613.003099989
4/28/2014,1326613.003099989
4/28/2014,1326613.003099989
4/28/2014,1326613.003099989
4/28/2014,1326613.003099989
4/28/2014,1326613.003099989
4/28/2014,1326613.003099989
4/28/2015,1330657.3650999889
4/28/2015,1330657.3650999889
4/28/2015,1330657.3650999889
4/28/2015,1330657.3650999889
4/28/2015,1330657.3650999889
4/28/2016,1331144.037099989
4/28/2016,1331144.037099989
4/28/2016,1331144.037099989
4/28/2016,1331144.037099989
4/28/2016,1331144.037099989
4/28/2017,1331939.333099989
4/28/2017,1331939.333099989
4/28/2017,1331939.333099989
4/28/2017,1331939.333099989
4/29/2014,1332708.1770999888
4/29/2014,1332708.1770999888
4/29/2014,1332708.1770999888
4/29/2014,1332708.1770999888
4/29/2014,1332708.1770999888
4/29/2014,1332708.1770999888
4/29/2015,1332716.145099989
4/29/2017,1333769.405099989
4/29/2017,1333769.405099989
4/3/2014,1334002.8550999889
4/3/2014,1334002.8550999889
4/3/2014,1334002.8550999889
4/3/2016,1334444.053099989
4/3/2016,1334444.053099989
4/3/2016,1334444.053099989
4/3/2016,1334444.053099989
4/3/2017,1334476.5810999891
4/3/2017,1334476.5810999891
4/30/2014,1335525.321099989
4/30/2014,1335525.321099989
4/30/2014,1335525.321099989
4/30/2015,1337097.016099989
4/30/2015,1337097.016099989
4/30/2015,1337097.016099989
4/30/2015,1337097.016099989
4/30/2015,1337097.016099989
4/30/2015,1337097.016099989
4/30/2015,1337097.016099989
4/30/2015,1337097.016099989
4/30/2015,1337097.016099989
4/30/2016,1337239.224099989
4/30/2016,1337239.224099989
4/30/2016,1337239.224099989
4/30/2017,1338629.3500999887
4/30/2017,1338629.3500999887
4/30/2017,1338629.3500999887
4/30/2017,1338629.3500999887
4/30/2017,1338629.3500999887
4/30/2017,1338629.3500999887
4/30/2017,1338629.3500999887
4/30/2017,1338629.3500999887
4/30/2017,1338629.3500999887
4/30/2017,1338629.3500999887
4/30/2017,1338629.3500999887
4/30/2017,1338629.3500999887
4/30/2017,1338629.3500999887
4/30/2017,1338629.3500999887
4/30/2017,1338629.3500999887
4/30/2017,1338629.3500999887
4/30/2017,1338629.3500999887
4/30/2017,1338629.3500999887
4/4/2014,1339105.1940999886
4/4/2014,1339105.1940999886
4/4/2014,1339105.1940999886
4/4/2014,1339105.1940999886
4/4/2014,1339105.1940999886
4/4/2014,1339105.1940999886
4/4/2014,1339105.1940999886
4/4/2014,1339105.1940999886
4/4/2015,1340589.7920999883
4/4/2015,1340589.7920999883
4/4/2015,1340589.7920999883
4/4/2015,1340589.7920999883
4/4/2015,1340589.7920999883
4/4/2015,1340589.7920999883
4/4/2015,1340589.7920999883
4/4/2015,1340589.7920999883
4/4/2015,1340589.7920999883
4/4/2016,1341559.9860999882
4/4/2016,1341559.9860999882
4/4/2016,1341559.9860999882
4/4/2016,1341559.9860999882
4/4/2016,1341559.9860999882
4/4/2016,1341559.9860999882
4/4/2017,1342368.4560999884
4/4/2017,1342368.4560999884
4/4/2017,1342368.4560999884
4/4/2017,1342368.4560999884
4/4/2017,1342368.4560999884
4/4/2017,1342368.4560999884
4/5/2014,1347663.5540999882
4/5/2014,1347663.5540999882
4/5/2014,1347663.5540999882
4/5/2014,1347663.5540999882
4/5/2014,1347663.5540999882
4/5/2014,1347663.5540999882
4/5/2014,1347663.5540999882
4/5/2014,1347663.5540999882
4/5/2014,1347663.5540999882
4/5/2014,1347663.5540999882
4/5/2014,1347663.5540999882
4/5/2014,1347663.5540999882
4/5/2014,1347663.5540999882
4/5/2015,1350637.6120999882
4/5/2015,1350637.6120999882
4/5/2015,1350637.6120999882
4/5/2015,1350637.6120999882
4/5/2015,1350637.6120999882
4/5/2015,1350637.6120999882
4/5/2015,1350637.6120999882
4/5/2015,1350637.6120999882
4/5/2015,1350637.6120999882
4/5/2015,1350637.6120999882
4/5/2015,1350637.6120999882
4/5/2015,1350637.6120999882
4/5/2015,1350637.6120999882
4/5/2016,1351683.946099988
4/5/2016,1351683.946099988
4/5/2016,1351683.946099988
4/6/2014,1353334.6360999877
4/6/2014,1353334.6360999877
4/6/2014,1353334.6360999877
4/6/2014,1353334.6360999877
4/6/2014,1353334.6360999877
4/6/2014,1353334.6360999877
4/6/2014,1353334.6360999877
4/6/2014,1353334.6360999877
4/6/2014,1353334.6360999877
4/6/2014,1353334.6360999877
4/6/2014,1353334.6360999877
4/6/2014,1353334.6360999877
4/6/2014,1353334.6360999877
4/6/2015,1353474.6400999876
4/6/2015,1353474.6400999876
4/6/2015,1353474.6400999876
4/6/2015,1353474.6400999876
4/6/2015,1353474.6400999876
4/6/2015,1353474.6400999876
4/6/2016,1354769.3900999876
4/6/2017,1354883.8100999878
4/6/2017,1354883.8100999878
4/7/2014,1355904.9800999877
4/7/2014,1355904.9800999877
4/7/2014,1355904.9800999877
4/7/2014,1355904.9800999877
4/7/2014,1355904.9800999877
4/7/2015,1356812.4160999877
4/7/2015,1356812.4160999877
4/7/2015,1356812.4160999877
4/7/2015,1356812.4160999877
4/7/2015,1356812.4160999877
4/7/2016,1358782.9900999875
4/7/2016,1358782.9900999875
4/7/2016,1358782.9900999875
4/7/2016,1358782.9900999875
4/7/2016,1358782.9900999875
4/7/2016,1358782.9900999875
4/7/2017,1360754.2805999874
4/7/2017,1360754.2805999874
4/7/2017,1360754.2805999874
4/7/2017,1360754.2805999874
4/7/2017,1360754.2805999874
4/7/2017,1360754.2805999874
4/7/2017,1360754.2805999874
4/8/2014,1362713.0305999871
4/8/2014,1362713.0305999871
4/8/2014,1362713.0305999871
4/8/2014,1362713.0305999871
4/8/2014,1362713.0305999871
4/8/2014,1362713.0305999871
4/8/2014,1362713.0305999871
4/8/2016,1365619.4345999865
4/8/2016,1365619.4345999865
4/8/2016,1365619.4345999865
4/8/2016,1365619.4345999865
4/8/2016,1365619.4345999865
4/8/2016,1365619.4345999865
4/8/2016,1365619.4345999865
4/8/2016,1365619.4345999865
4/8/2016,1365619.4345999865
4/8/2016,1365619.4345999865
4/8/2016,1365619.4345999865
4/8/2016,1365619.4345999865
4/8/2016,1365619.4345999865
4/8/2016,1365619.4345999865
4/8/2016,1365619.4345999865
4/8/2016,1365619.4345999865
4/8/2016,1365619.4345999865
4/8/2016,1365619.4345999865
4/8/2017,1372021.3645999865
4/8/2017,1372021.3645999865
4/8/2017,1372021.3645999865
4/8/2017,1372021.3645999865
4/8/2017,1372021.3645999865
4/8/2017,1372021.3645999865
4/8/2017,1372021.3645999865
4/8/2017,1372021.3645999865
4/9/2015,1372779.3565999863
4/9/2015,1372779.3565999863
4/9/2015,1372779.3565999863
4/9/2016,1373894.5535999862
4/9/2016,1373894.5535999862
4/9/2016,1373894.5535999862
4/9/2016,1373894.5535999862
4/9/2017,1375521.2635999862
4/9/2017,1375521.2635999862
4/9/2017,1375521.2635999862
4/9/2017,1375521.2635999862
4/9/2017,1375521.2635999862
4/9/2017,1375521.2635999862
4/9/2017,1375521.2635999862
4/9/2017,1375521.2635999862
4/9/2017,1375521.2635999862
4/9/2017,1375521.2635999862
4/9/2017,1375521.2635999862
4/9/2017,1375521.2635999862
5/1/2015,1375972.2035999862
5/1/2015,1375972.2035999862
5/1/2015,1375972.2035999862
5/1/2015,1375972.2035999862
5/1/2015,1375972.2035999862
5/1/2015,1375972.2035999862
5/1/2015,1375972.2035999862
5/1/2016,1376490.069599986
5/1/2016,1376490.069599986
5/1/2016,1376490.069599986
5/1/2016,1376490.069599986
5/1/2016,1376490.069599986
5/1/2016,1376490.069599986
5/1/2017,1380598.439599986
5/1/2017,1380598.439599986
5/1/2017,1380598.439599986
5/1/2017,1380598.439599986
5/1/2017,1380598.439599986
5/1/2017,1380598.439599986
5/10/2014,1382942.238599986
5/10/2014,1382942.238599986
5/10/2014,1382942.238599986
5/10/2014,1382942.238599986
5/10/2014,1382942.238599986
5/10/2014,1382942.238599986
5/10/2014,1382942.238599986
5/10/2014,1382942.238599986
5/10/2015,1383096.680599986
5/10/2015,1383096.680599986
5/10/2015,1383096.680599986
5/10/2016,1383859.700599986
5/10/2016,1383859.700599986
5/10/2016,1383859.700599986
5/11/2014,1385502.5025999858
5/11/2014,1385502.5025999858
5/11/2014,1385502.5025999858
5/11/2014,1385502.5025999858
5/11/2014,1385502.5025999858
5/11/2014,1385502.5025999858
5/11/2014,1385502.5025999858
5/11/2014,1385502.5025999858
5/11/2015,1385694.470599986
5/11/2016,1385700.450599986
5/11/2017,1386149.9195999857
5/11/2017,1386149.9195999857
5/11/2017,1386149.9195999857
5/11/2017,1386149.9195999857
5/11/2017,1386149.9195999857
5/11/2017,1386149.9195999857
5/11/2017,1386149.9195999857
5/11/2017,1386149.9195999857
5/11/2017,1386149.9195999857
5/12/2014,1386884.7655999858
5/12/2014,1386884.7655999858
5/12/2015,1387945.115599986
5/12/2015,1387945.115599986
5/12/2015,1387945.115599986
5/12/2015,1387945.115599986
5/12/2015,1387945.115599986
5/12/2015,1387945.115599986
5/12/2015,1387945.115599986
5/12/2015,1387945.115599986
5/12/2016,1388863.9935999857
5/12/2016,1388863.9935999857
5/12/2016,1388863.9935999857
5/12/2016,1388863.9935999857
5/12/2016,1388863.9935999857
5/12/2016,1388863.9935999857
5/12/2016,1388863.9935999857
5/12/2017,1389834.377599986
5/12/2017,1389834.377599986
5/12/2017,1389834.377599986
5/12/2017,1389834.377599986
5/12/2017,1389834.377599986
5/12/2017,1389834.377599986
5/12/2017,1389834.377599986
5/12/2017,1389834.377599986
5/12/2017,1389834.377599986
5/12/2017,1389834.377599986
5/12/2017,1389834.377599986
5/12/2017,1389834.377599986
5/12/2017,1389834.377599986
5/13/2014,1390732.759599986
5/13/2014,1390732.759599986
5/13/2014,1390732.759599986
5/13/2014,1390732.759599986
5/13/2014,1390732.759599986
5/13/2014,1390732.759599986
5/13/2015,1390971.143599986
5/13/2015,1390971.143599986
5/13/2017,1394037.521599986
5/13/2017,1394037.521599986
5/13/2017,1394037.521599986
5/13/2017,1394037.521599986
5/13/2017,1394037.521599986
5/13/2017,1394037.521599986
5/13/2017,1394037.521599986
5/13/2017,1394037.521599986
5/13/2017,1394037.521599986
5/14/2014,1394348.4015999858
5/14/2015,1397489.6010999857
5/14/2015,1397489.6010999857
5/14/2015,1397489.6010999857
5/14/2015,1397489.6010999857
5/14/2015,1397489.6010999857
5/14/2015,1397489.6010999857
5/14/2015,1397489.6010999857
5/14/2015,1397489.6010999857
5/14/2015,1397489.6010999857
5/14/2015,1397489.6010999857
5/14/2015,1397489.6010999857
5/14/2015,1397489.6010999857
5/14/2016,1397945.5310999856
5/14/2016,1397945.5310999856
5/14/2016,1397945.5310999856
5/14/2016,1397945.5310999856
5/14/2016,1397945.5310999856
5/14/2016,1397945.5310999856
5/14/2016,1397945.5310999856
5/14/2016,1397945.5310999856
5/14/2016,1397945.5310999856
5/14/2017,1402127.5930999853
5/14/2017,1402127.5930999853
5/14/2017,1402127.5930999853
5/14/2017,1402127.5930999853
5/14/2017,1402127.5930999853
5/14/2017,1402127.5930999853
5/14/2017,1402127.5930999853
5/14/2017,1402127.5930999853
5/14/2017,1402127.5930999853
5/14/2017,1402127.5930999853
5/14/2017,1402127.5930999853
5/14/2017,1402127.5930999853
5/14/2017,1402127.5930999853
5/14/2017,1402127.5930999853
5/14/2017,1402127.5930999853
5/14/2017,1402127.5930999853
5/14/2017,1402127.5930999853
5/14/2017,1402127.5930999853
5/14/2017,1402127.5930999853
5/14/2017,1402127.5930999853
5/14/2017,1402127.5930999853
5/15/2015,1402197.5010999853
5/15/2015,1402197.5010999853
5/15/2016,1402846.4130999856
5/15/2016,1402846.4130999856
5/15/2016,1402846.4130999856
5/15/2016,1402846.4130999856
5/15/2016,1402846.4130999856
5/15/2016,1402846.4130999856
5/15/2017,1403267.6770999855
5/15/2017,1403267.6770999855
5/15/2017,1403267.6770999855
5/15/2017,1403267.6770999855
5/15/2017,1403267.6770999855
5/15/2017,1403267.6770999855
5/15/2017,1403267.6770999855
5/15/2017,1403267.6770999855
5/16/2014,1403556.9570999853
5/16/2014,1403556.9570999853
5/16/2015,1403812.9250999854
5/16/2016,1404693.3850999856
5/16/2016,1404693.3850999856
5/16/2016,1404693.3850999856
5/16/2016,1404693.3850999856
5/16/2017,1404914.4090999856
5/17/2014,1405006.0890999855
5/17/2015,1405140.5570999857
5/17/2015,1405140.5570999857
5/17/2015,1405140.5570999857
5/17/2015,1405140.5570999857
5/17/2016,1405487.4790999854
5/17/2016,1405487.4790999854
5/17/2016,1405487.4790999854
5/17/2016,1405487.4790999854
5/17/2016,1405487.4790999854
5/17/2016,1405487.4790999854
5/17/2016,1405487.4790999854
5/17/2016,1405487.4790999854
5/17/2016,1405487.4790999854
5/18/2014,1406436.4270999855
5/18/2014,1406436.4270999855
5/18/2014,1406436.4270999855
5/18/2014,1406436.4270999855
5/18/2015,1406447.2870999856
5/18/2016,1406569.5070999856
5/18/2016,1406569.5070999856
5/18/2017,1408400.0150999855
5/18/2017,1408400.0150999855
5/18/2017,1408400.0150999855
5/18/2017,1408400.0150999855
5/18/2017,1408400.0150999855
5/18/2017,1408400.0150999855
5/18/2017,1408400.0150999855
5/18/2017,1408400.0150999855
5/18/2017,1408400.0150999855
5/18/2017,1408400.0150999855
5/18/2017,1408400.0150999855
5/18/2017,1408400.0150999855
5/18/2017,1408400.0150999855
5/18/2017,1408400.0150999855
5/18/2017,1408400.0150999855
5/18/2017,1408400.0150999855
5/18/2017,1408400.0150999855
5/19/2014,1408491.6350999854
5/19/2014,1408491.6350999854
5/19/2016,1410073.643099985
5/19/2016,1410073.643099985
5/19/2016,1410073.643099985
5/19/2016,1410073.643099985
5/19/2016,1410073.643099985
5/19/2016,1410073.643099985
5/19/2016,1410073.643099985
5/19/2016,1410073.643099985
5/19/2016,1410073.643099985
5/19/2017,1414992.8250999853
5/19/2017,1414992.8250999853
5/19/2017,1414992.8250999853
5/19/2017,1414992.8250999853
5/19/2017,1414992.8250999853
5/19/2017,1414992.8250999853
5/19/2017,1414992.8250999853
5/19/2017,1414992.8250999853
5/19/2017,1414992.8250999853
5/19/2017,1414992.8250999853
5/19/2017,1414992.8250999853
5/19/2017,1414992.8250999853
5/19/2017,1414992.8250999853
5/19/2017,1414992.8250999853
5/19/2017,1414992.8250999853
5/19/2017,1414992.8250999853
5/19/2017,1414992.8250999853
5/19/2017,1414992.8250999853
5/19/2017,1414992.8250999853
5/19/2017,1414992.8250999853
5/2/2014,1415498.9450999852
5/2/2014,1415498.9450999852
5/2/2015,1415666.177099985
5/2/2015,1415666.177099985
5/2/2016,1416764.313099985
5/2/2016,1416764.313099985
5/2/2016,1416764.313099985
5/2/2016,1416764.313099985
5/2/2016,1416764.313099985
5/2/2016,1416764.313099985
5/2/2016,1416764.313099985
5/2/2016,1416764.313099985
5/2/2016,1416764.313099985
5/2/2016,1416764.313099985
5/2/2016,1416764.313099985
5/2/2016,1416764.313099985
5/2/2017,1417163.4230999849
5/2/2017,1417163.4230999849
5/2/2017,1417163.4230999849
5/2/2017,1417163.4230999849
5/2/2017,1417163.4230999849
5/20/2014,1417483.527099985
5/20/2014,1417483.527099985
5/20/2014,1417483.527099985
5/20/2014,1417483.527099985
5/20/2014,1417483.527099985
5/20/2014,1417483.527099985
5/20/2014,1417483.527099985
5/20/2015,1417653.071099985
5/20/2015,1417653.071099985
5/20/2016,1420124.9840999849
5/20/2016,1420124.9840999849
5/20/2016,1420124.9840999849
5/20/2016,1420124.9840999849
5/20/2016,1420124.9840999849
5/20/2017,1423122.5620999846
5/20/2017,1423122.5620999846
5/20/2017,1423122.5620999846
5/20/2017,1423122.5620999846
5/20/2017,1423122.5620999846
5/20/2017,1423122.5620999846
5/20/2017,1423122.5620999846
5/20/2017,1423122.5620999846
5/20/2017,1423122.5620999846
5/20/2017,1423122.5620999846
5/20/2017,1423122.5620999846
5/20/2017,1423122.5620999846
5/21/2014,1427386.8900999846
5/21/2014,1427386.8900999846
5/21/2014,1427386.8900999846
5/21/2014,1427386.8900999846
5/21/2014,1427386.8900999846
5/21/2014,1427386.8900999846
5/21/2014,1427386.8900999846
5/21/2014,1427386.8900999846
5/21/2014,1427386.8900999846
5/21/2014,1427386.8900999846
5/21/2015,1427459.2220999845
5/21/2015,1427459.2220999845
5/21/2015,1427459.2220999845
5/21/2016,1430177.4360999842
5/21/2016,1430177.4360999842
5/21/2016,1430177.4360999842
5/21/2016,1430177.4360999842
5/21/2016,1430177.4360999842
5/21/2016,1430177.4360999842
5/21/2016,1430177.4360999842
5/21/2017,1430715.4560999842
5/21/2017,1430715.4560999842
5/22/2014,1430896.3860999842
5/22/2014,1430896.3860999842
5/22/2015,1434758.4840999842
5/22/2015,1434758.4840999842
5/22/2015,1434758.4840999842
5/22/2015,1434758.4840999842
5/22/2016,1436557.6840999844
5/22/2016,1436557.6840999844
5/22/2016,1436557.6840999844
5/22/2016,1436557.6840999844
5/22/2016,1436557.6840999844
5/22/2016,1436557.6840999844
5/22/2016,1436557.6840999844
5/22/2016,1436557.6840999844
5/22/2017,1436894.2460999845
5/22/2017,1436894.2460999845
5/22/2017,1436894.2460999845
5/22/2017,1436894.2460999845
5/22/2017,1436894.2460999845
5/22/2017,1436894.2460999845
5/22/2017,1436894.2460999845
5/23/2014,1437218.0040999844
5/23/2014,1437218.0040999844
5/23/2014,1437218.0040999844
5/23/2014,1437218.0040999844
5/23/2014,1437218.0040999844
5/23/2014,1437218.0040999844
5/23/2014,1437218.0040999844
5/23/2015,1438522.9600999842
5/23/2015,1438522.9600999842
5/23/2015,1438522.9600999842
5/23/2015,1438522.9600999842
5/23/2015,1438522.9600999842
5/23/2015,1438522.9600999842
5/23/2016,1449083.9380999843
5/23/2016,1449083.9380999843
5/23/2016,1449083.9380999843
5/23/2016,1449083.9380999843
5/23/2016,1449083.9380999843
5/23/2016,1449083.9380999843
5/23/2016,1449083.9380999843
5/23/2017,1449325.3740999845
5/23/2017,1449325.3740999845
5/23/2017,1449325.3740999845
5/23/2017,1449325.3740999845
5/23/2017,1449325.3740999845
5/24/2014,1449441.6540999846
5/24/2015,1450051.9610999846
5/24/2015,1450051.9610999846
5/24/2016,1450329.7170999846
5/24/2016,1450329.7170999846
5/24/2016,1450329.7170999846
5/25/2014,1450449.257099985
5/25/2014,1450449.257099985
5/25/2014,1450449.257099985
5/25/2015,1452188.6750999847
5/25/2015,1452188.6750999847
5/25/2015,1452188.6750999847
5/25/2015,1452188.6750999847
5/25/2015,1452188.6750999847
5/25/2015,1452188.6750999847
5/25/2015,1452188.6750999847
5/25/2015,1452188.6750999847
5/25/2016,1453500.6450999847
5/25/2016,1453500.6450999847
5/25/2016,1453500.6450999847
5/25/2017,1454386.6710999848
5/25/2017,1454386.6710999848
5/25/2017,1454386.6710999848
5/25/2017,1454386.6710999848
5/25/2017,1454386.6710999848
5/25/2017,1454386.6710999848
5/26/2014,1455712.389099985
5/26/2014,1455712.389099985
5/26/2014,1455712.389099985
5/26/2014,1455712.389099985
5/26/2014,1455712.389099985
5/26/2014,1455712.389099985
5/26/2014,1455712.389099985
5/26/2014,1455712.389099985
5/26/2015,1456694.9530999847
5/26/2015,1456694.9530999847
5/26/2015,1456694.9530999847
5/26/2015,1456694.9530999847
5/26/2015,1456694.9530999847
5/26/2015,1456694.9530999847
5/26/2015,1456694.9530999847
5/26/2015,1456694.9530999847
5/26/2016,1458670.3090999844
5/26/2016,1458670.3090999844
5/26/2016,1458670.3090999844
5/26/2016,1458670.3090999844
5/26/2016,1458670.3090999844
5/26/2016,1458670.3090999844
5/26/2016,1458670.3090999844
5/26/2016,1458670.3090999844
5/26/2016,1458670.3090999844
5/26/2016,1458670.3090999844
5/26/2016,1458670.3090999844
5/26/2016,1458670.3090999844
5/26/2016,1458670.3090999844
5/26/2016,1458670.3090999844
5/26/2016,1458670.3090999844
5/26/2016,1458670.3090999844
5/26/2016,1458670.3090999844
5/26/2016,1458670.3090999844
5/26/2017,1458940.5490999843
5/26/2017,1458940.5490999843
5/26/2017,1458940.5490999843
5/26/2017,1458940.5490999843
5/27/2014,1461097.9430999844
5/27/2014,1461097.9430999844
5/27/2014,1461097.9430999844
5/27/2014,1461097.9430999844
5/27/2014,1461097.9430999844
5/27/2016,1466403.0210999844
5/27/2016,1466403.0210999844
5/27/2016,1466403.0210999844
5/27/2016,1466403.0210999844
5/27/2016,1466403.0210999844
5/27/2016,1466403.0210999844
5/27/2016,1466403.0210999844
5/27/2017,1468487.9290999842
5/27/2017,1468487.9290999842
5/27/2017,1468487.9290999842
5/27/2017,1468487.9290999842
5/27/2017,1468487.9290999842
5/27/2017,1468487.9290999842
5/27/2017,1468487.9290999842
5/27/2017,1468487.9290999842
5/27/2017,1468487.9290999842
5/27/2017,1468487.9290999842
5/27/2017,1468487.9290999842
5/28/2014,1468709.8970999843
5/28/2014,1468709.8970999843
5/28/2014,1468709.8970999843
5/28/2015,1469504.0430999843
5/28/2015,1469504.0430999843
5/28/2015,1469504.0430999843
5/28/2015,1469504.0430999843
5/28/2015,1469504.0430999843
5/28/2015,1469504.0430999843
5/28/2015,1469504.0430999843
5/28/2015,1469504.0430999843
5/28/2015,1469504.0430999843
5/28/2016,1471641.367099984
5/28/2016,1471641.367099984
5/28/2016,1471641.367099984
5/28/2016,1471641.367099984
5/28/2016,1471641.367099984
5/28/2016,1471641.367099984
5/28/2016,1471641.367099984
5/28/2016,1471641.367099984
5/28/2016,1471641.367099984
5/28/2016,1471641.367099984
5/28/2017,1473121.4700999837
5/28/2017,1473121.4700999837
5/28/2017,1473121.4700999837
5/28/2017,1473121.4700999837
5/28/2017,1473121.4700999837
5/28/2017,1473121.4700999837
5/28/2017,1473121.4700999837
5/28/2017,1473121.4700999837
5/28/2017,1473121.4700999837
5/28/2017,1473121.4700999837
5/28/2017,1473121.4700999837
5/28/2017,1473121.4700999837
5/29/2015,1474326.3120999837
5/29/2015,1474326.3120999837
5/29/2015,1474326.3120999837
5/29/2015,1474326.3120999837
5/29/2015,1474326.3120999837
5/29/2015,1474326.3120999837
5/29/2015,1474326.3120999837
5/29/2015,1474326.3120999837
5/29/2016,1475389.4970999837
5/29/2016,1475389.4970999837
5/29/2016,1475389.4970999837
5/29/2016,1475389.4970999837
5/29/2016,1475389.4970999837
5/29/2017,1476080.6050999837
5/29/2017,1476080.6050999837
5/29/2017,1476080.6050999837
5/29/2017,1476080.6050999837
5/29/2017,1476080.6050999837
5/29/2017,1476080.6050999837
5/29/2017,1476080.6050999837
5/29/2017,1476080.6050999837
5/3/2014,1476153.2370999837
5/3/2014,1476153.2370999837
5/3/2014,1476153.2370999837
5/3/2015,1478351.9970999837
5/3/2015,1478351.9970999837
5/3/2015,1478351.9970999837
5/3/2015,1478351.9970999837
5/3/2015,1478351.9970999837
5/3/2015,1478351.9970999837
5/3/2015,1478351.9970999837
5/3/2015,1478351.9970999837
5/3/2015,1478351.9970999837
5/3/2015,1478351.9970999837
5/3/2015,1478351.9970999837
5/3/2015,1478351.9970999837
5/3/2015,1478351.9970999837
5/3/2016,1479451.0100999838
5/3/2016,1479451.0100999838
5/3/2016,1479451.0100999838
5/3/2016,1479451.0100999838
5/3/2016,1479451.0100999838
5/3/2016,1479451.0100999838
5/3/2016,1479451.0100999838
5/3/2016,1479451.0100999838
5/3/2016,1479451.0100999838
5/3/2017,1480837.3560999837
5/3/2017,1480837.3560999837
5/3/2017,1480837.3560999837
5/3/2017,1480837.3560999837
5/3/2017,1480837.3560999837
5/3/2017,1480837.3560999837
5/3/2017,1480837.3560999837
5/3/2017,1480837.3560999837
5/3/2017,1480837.3560999837
5/30/2014,1482762.2690999839
5/30/2014,1482762.2690999839
5/30/2014,1482762.2690999839
5/30/2014,1482762.2690999839
5/30/2014,1482762.2690999839
5/30/2014,1482762.2690999839
5/30/2014,1482762.2690999839
5/30/2014,1482762.2690999839
5/30/2015,1483443.369099984
5/30/2015,1483443.369099984
5/30/2015,1483443.369099984
5/30/2015,1483443.369099984
5/30/2016,1491533.9470999837
5/30/2016,1491533.9470999837
5/30/2016,1491533.9470999837
5/30/2016,1491533.9470999837
5/30/2016,1491533.9470999837
5/30/2016,1491533.9470999837
5/30/2016,1491533.9470999837
5/30/2016,1491533.9470999837
5/30/2016,1491533.9470999837
5/30/2016,1491533.9470999837
5/30/2016,1491533.9470999837
5/30/2016,1491533.9470999837
5/30/2016,1491533.9470999837
5/30/2016,1491533.9470999837
5/30/2016,1491533.9470999837
5/30/2016,1491533.9470999837
5/30/2016,1491533.9470999837
5/30/2016,1491533.9470999837
5/30/2016,1491533.9470999837
5/30/2016,1491533.9470999837
5/30/2016,1491533.9470999837
5/30/2016,1491533.9470999837
5/30/2016,1491533.9470999837
5/30/2016,1491533.9470999837
5/30/2016,1491533.9470999837
5/30/2017,1492270.8374999836
5/30/2017,1492270.8374999836
5/30/2017,1492270.8374999836
5/30/2017,1492270.8374999836
5/30/2017,1492270.8374999836
5/30/2017,1492270.8374999836
5/30/2017,1492270.8374999836
5/30/2017,1492270.8374999836
5/30/2017,1492270.8374999836
5/31/2014,1493044.5374999836
5/31/2014,1493044.5374999836
5/31/2015,1498222.6754999838
5/31/2015,1498222.6754999838
5/31/2015,1498222.6754999838
5/31/2015,1498222.6754999838
5/31/2015,1498222.6754999838
5/31/2015,1498222.6754999838
5/31/2015,1498222.6754999838
5/31/2015,1498222.6754999838
5/31/2015,1498222.6754999838
5/31/2015,1498222.6754999838
5/31/2015,1498222.6754999838
5/31/2015,1498222.6754999838
5/31/2015,1498222.6754999838
5/31/2015,1498222.6754999838
5/31/2015,1498222.6754999838
5/31/2015,1498222.6754999838
5/31/2015,1498222.6754999838
5/31/2016,1498661.5344999838
5/31/2016,1498661.5344999838
5/31/2016,1498661.5344999838
5/31/2016,1498661.5344999838
5/31/2016,1498661.5344999838
5/31/2016,1498661.5344999838
5/4/2014,1498848.9664999838
5/4/2014,1498848.9664999838
5/4/2014,1498848.9664999838
5/4/2014,1498848.9664999838
5/4/2014,1498848.9664999838
5/4/2014,1498848.9664999838
5/4/2015,1499970.3284999838
5/4/2015,1499970.3284999838
5/4/2015,1499970.3284999838
5/4/2015,1499970.3284999838
5/4/2017,1501359.7334999838
5/4/2017,1501359.7334999838
5/4/2017,1501359.7334999838
5/4/2017,1501359.7334999838
5/4/2017,1501359.7334999838
5/4/2017,1501359.7334999838
5/4/2017,1501359.7334999838
5/4/2017,1501359.7334999838
5/4/2017,1501359.7334999838
5/4/2017,1501359.7334999838
5/4/2017,1501359.7334999838
5/5/2014,1501620.7104999835
5/5/2014,1501620.7104999835
5/5/2014,1501620.7104999835
5/5/2014,1501620.7104999835
5/5/2014,1501620.7104999835
5/5/2014,1501620.7104999835
5/5/2014,1501620.7104999835
5/5/2016,1504321.990499983
5/5/2016,1504321.990499983
5/5/2016,1504321.990499983
5/5/2016,1504321.990499983
5/5/2016,1504321.990499983
5/5/2016,1504321.990499983
5/5/2016,1504321.990499983
5/5/2016,1504321.990499983
5/5/2016,1504321.990499983
5/5/2016,1504321.990499983
5/5/2016,1504321.990499983
5/5/2016,1504321.990499983
5/5/2017,1504507.1134999827
5/5/2017,1504507.1134999827
5/5/2017,1504507.1134999827
5/5/2017,1504507.1134999827
5/5/2017,1504507.1134999827
5/5/2017,1504507.1134999827
5/6/2014,1504761.5694999828
5/6/2014,1504761.5694999828
5/6/2014,1504761.5694999828
5/6/2016,1504998.529499983
5/6/2016,1504998.529499983
5/6/2016,1504998.529499983
5/6/2016,1504998.529499983
5/6/2016,1504998.529499983
5/6/2016,1504998.529499983
5/6/2016,1504998.529499983
5/6/2017,1508181.899299983
5/6/2017,1508181.899299983
5/6/2017,1508181.899299983
5/6/2017,1508181.899299983
5/6/2017,1508181.899299983
5/6/2017,1508181.899299983
5/6/2017,1508181.899299983
5/6/2017,1508181.899299983
5/6/2017,1508181.899299983
5/6/2017,1508181.899299983
5/6/2017,1508181.899299983
5/6/2017,1508181.899299983
5/6/2017,1508181.899299983
5/7/2014,1509273.2492999828
5/7/2014,1509273.2492999828
5/7/2014,1509273.2492999828
5/7/2014,1509273.2492999828
5/7/2015,1509578.8712999828
5/7/2015,1509578.8712999828
5/7/2015,1509578.8712999828
5/7/2016,1514414.8472999826
5/7/2016,1514414.8472999826
5/7/2016,1514414.8472999826
5/7/2016,1514414.8472999826
5/7/2016,1514414.8472999826
5/7/2016,1514414.8472999826
5/7/2017,1516964.3152999822
5/7/2017,1516964.3152999822
5/7/2017,1516964.3152999822
5/7/2017,1516964.3152999822
5/7/2017,1516964.3152999822
5/7/2017,1516964.3152999822
5/8/2014,1518764.2852999822
5/8/2015,1522746.2532999816
5/8/2015,1522746.2532999816
5/8/2015,1522746.2532999816
5/8/2015,1522746.2532999816
5/8/2015,1522746.2532999816
5/8/2015,1522746.2532999816
5/8/2015,1522746.2532999816
5/8/2015,1522746.2532999816
5/8/2015,1522746.2532999816
5/8/2015,1522746.2532999816
5/8/2015,1522746.2532999816
5/8/2016,1524086.4972999818
5/8/2016,1524086.4972999818
5/8/2016,1524086.4972999818
5/8/2016,1524086.4972999818
5/8/2016,1524086.4972999818
5/8/2016,1524086.4972999818
5/8/2016,1524086.4972999818
5/8/2017,1527745.051299982
5/8/2017,1527745.051299982
5/8/2017,1527745.051299982
5/8/2017,1527745.051299982
5/8/2017,1527745.051299982
5/9/2014,1528139.531299982
5/9/2014,1528139.531299982
5/9/2014,1528139.531299982
5/9/2014,1528139.531299982
5/9/2014,1528139.531299982
5/9/2014,1528139.531299982
5/9/2015,1528188.341299982
5/9/2016,1529471.853299982
5/9/2016,1529471.853299982
5/9/2016,1529471.853299982
5/9/2016,1529471.853299982
5/9/2016,1529471.853299982
5/9/2016,1529471.853299982
5/9/2016,1529471.853299982
5/9/2016,1529471.853299982
5/9/2016,1529471.853299982
5/9/2016,1529471.853299982
5/9/2016,1529471.853299982
5/9/2016,1529471.853299982
5/9/2017,1530550.075299982
5/9/2017,1530550.075299982
5/9/2017,1530550.075299982
5/9/2017,1530550.075299982
5/9/2017,1530550.075299982
5/9/2017,1530550.075299982
5/9/2017,1530550.075299982
6/1/2014,1535738.5952999818
6/1/2014,1535738.5952999818
6/1/2014,1535738.5952999818
6/1/2014,1535738.5952999818
6/1/2014,1535738.5952999818
6/1/2014,1535738.5952999818
6/1/2014,1535738.5952999818
6/1/2014,1535738.5952999818
6/1/2014,1535738.5952999818
6/1/2014,1535738.5952999818
6/1/2014,1535738.5952999818
6/1/2015,1536572.7932999814
6/1/2015,1536572.7932999814
6/1/2015,1536572.7932999814
6/1/2015,1536572.7932999814
6/1/2015,1536572.7932999814
6/1/2015,1536572.7932999814
6/1/2015,1536572.7932999814
6/1/2017,1541631.1552999807
6/1/2017,1541631.1552999807
6/1/2017,1541631.1552999807
6/1/2017,1541631.1552999807
6/1/2017,1541631.1552999807
6/1/2017,1541631.1552999807
6/1/2017,1541631.1552999807
6/1/2017,1541631.1552999807
6/1/2017,1541631.1552999807
6/1/2017,1541631.1552999807
6/1/2017,1541631.1552999807
6/10/2014,1542122.7052999807
6/10/2016,1543535.1012999804
6/10/2016,1543535.1012999804
6/10/2016,1543535.1012999804
6/10/2016,1543535.1012999804
6/10/2017,1546048.4442999803
6/10/2017,1546048.4442999803
6/10/2017,1546048.4442999803
6/10/2017,1546048.4442999803
6/10/2017,1546048.4442999803
6/10/2017,1546048.4442999803
6/10/2017,1546048.4442999803
6/10/2017,1546048.4442999803
6/10/2017,1546048.4442999803
6/10/2017,1546048.4442999803
6/10/2017,1546048.4442999803
6/10/2017,1546048.4442999803
6/10/2017,1546048.4442999803
6/11/2015,1549422.00829998
6/11/2015,1549422.00829998
6/11/2015,1549422.00829998
6/11/2015,1549422.00829998
6/11/2015,1549422.00829998
6/11/2015,1549422.00829998
6/11/2015,1549422.00829998
6/11/2015,1549422.00829998
6/11/2015,1549422.00829998
6/11/2015,1549422.00829998
6/11/2015,1549422.00829998
6/11/2015,1549422.00829998
6/11/2015,1549422.00829998
6/11/2016,1551045.4242999803
6/11/2016,1551045.4242999803
6/11/2016,1551045.4242999803
6/11/2016,1551045.4242999803
6/11/2016,1551045.4242999803
6/11/2016,1551045.4242999803
6/11/2016,1551045.4242999803
6/11/2016,1551045.4242999803
6/11/2017,1552626.31829998
6/11/2017,1552626.31829998
6/11/2017,1552626.31829998
6/11/2017,1552626.31829998
6/11/2017,1552626.31829998
6/11/2017,1552626.31829998
6/11/2017,1552626.31829998
6/11/2017,1552626.31829998
6/11/2017,1552626.31829998
6/11/2017,1552626.31829998
6/11/2017,1552626.31829998
6/11/2017,1552626.31829998
6/11/2017,1552626.31829998
6/11/2017,1552626.31829998
6/12/2015,1552800.79429998
6/12/2015,1552800.79429998
6/12/2015,1552800.79429998
6/12/2015,1552800.79429998
6/12/2015,1552800.79429998
6/12/2016,1555763.35729998
6/12/2016,1555763.35729998
6/12/2016,1555763.35729998
6/12/2016,1555763.35729998
6/12/2016,1555763.35729998
6/12/2016,1555763.35729998
6/12/2016,1555763.35729998
6/12/2016,1555763.35729998
6/12/2016,1555763.35729998
6/12/2016,1555763.35729998
6/12/2016,1555763.35729998
6/12/2016,1555763.35729998
6/12/2016,1555763.35729998
6/12/2016,1555763.35729998
6/12/2016,1555763.35729998
6/12/2016,1555763.35729998
6/12/2016,1555763.35729998
6/12/2016,1555763.35729998
6/12/2016,1555763.35729998
6/12/2016,1555763.35729998
6/12/2016,1555763.35729998
6/12/2016,1555763.35729998
6/12/2017,1557443.3252999797
6/12/2017,1557443.3252999797
6/12/2017,1557443.3252999797
6/12/2017,1557443.3252999797
6/12/2017,1557443.3252999797
6/12/2017,1557443.3252999797
6/12/2017,1557443.3252999797
6/12/2017,1557443.3252999797
6/12/2017,1557443.3252999797
6/12/2017,1557443.3252999797
6/12/2017,1557443.3252999797
6/13/2014,1557457.8452999797
6/13/2015,1558586.7432999797
6/13/2015,1558586.7432999797
6/13/2015,1558586.7432999797
6/13/2015,1558586.7432999797
6/13/2015,1558586.7432999797
6/13/2015,1558586.7432999797
6/13/2015,1558586.7432999797
6/13/2015,1558586.7432999797
6/13/2015,1558586.7432999797
6/13/2015,1558586.7432999797
6/13/2016,1559017.1812999796
6/13/2016,1559017.1812999796
6/13/2016,1559017.1812999796
6/13/2017,1560173.1992999795
6/13/2017,1560173.1992999795
6/13/2017,1560173.1992999795
6/13/2017,1560173.1992999795
6/13/2017,1560173.1992999795
6/14/2014,1560386.1392999794
6/14/2015,1560437.2112999794
6/14/2016,1563894.310299979
6/14/2016,1563894.310299979
6/14/2016,1563894.310299979
6/14/2016,1563894.310299979
6/14/2016,1563894.310299979
6/14/2016,1563894.310299979
6/14/2016,1563894.310299979
6/14/2016,1563894.310299979
6/14/2016,1563894.310299979
6/14/2016,1563894.310299979
6/15/2014,1564837.284299979
6/15/2014,1564837.284299979
6/15/2014,1564837.284299979
6/15/2014,1564837.284299979
6/15/2015,1565571.4282999788
6/15/2015,1565571.4282999788
6/15/2015,1565571.4282999788
6/15/2015,1565571.4282999788
6/15/2015,1565571.4282999788
6/15/2015,1565571.4282999788
6/15/2016,1565744.9162999787
6/15/2017,1569802.4262999787
6/15/2017,1569802.4262999787
6/15/2017,1569802.4262999787
6/15/2017,1569802.4262999787
6/15/2017,1569802.4262999787
6/15/2017,1569802.4262999787
6/15/2017,1569802.4262999787
6/15/2017,1569802.4262999787
6/15/2017,1569802.4262999787
6/15/2017,1569802.4262999787
6/15/2017,1569802.4262999787
6/15/2017,1569802.4262999787
6/15/2017,1569802.4262999787
6/15/2017,1569802.4262999787
6/15/2017,1569802.4262999787
6/15/2017,1569802.4262999787
6/16/2014,1570566.2182999786
6/16/2014,1570566.2182999786
6/16/2014,1570566.2182999786
6/16/2014,1570566.2182999786
6/16/2015,1574010.1222999787
6/16/2015,1574010.1222999787
6/16/2015,1574010.1222999787
6/16/2015,1574010.1222999787
6/16/2015,1574010.1222999787
6/16/2015,1574010.1222999787
6/16/2016,1574157.3972999789
6/16/2016,1574157.3972999789
6/16/2016,1574157.3972999789
6/16/2017,1576881.5912999786
6/16/2017,1576881.5912999786
6/16/2017,1576881.5912999786
6/16/2017,1576881.5912999786
6/16/2017,1576881.5912999786
6/16/2017,1576881.5912999786
6/16/2017,1576881.5912999786
6/16/2017,1576881.5912999786
6/16/2017,1576881.5912999786
6/16/2017,1576881.5912999786
6/16/2017,1576881.5912999786
6/16/2017,1576881.5912999786
6/16/2017,1576881.5912999786
6/17/2014,1580300.0932999784
6/17/2014,1580300.0932999784
6/17/2014,1580300.0932999784
6/17/2014,1580300.0932999784
6/17/2014,1580300.0932999784
6/17/2016,1583301.013299978
6/17/2016,1583301.013299978
6/17/2016,1583301.013299978
6/17/2016,1583301.013299978
6/17/2016,1583301.013299978
6/17/2016,1583301.013299978
6/17/2016,1583301.013299978
6/17/2016,1583301.013299978
6/17/2016,1583301.013299978
6/17/2016,1583301.013299978
6/17/2016,1583301.013299978
6/17/2016,1583301.013299978
6/17/2016,1583301.013299978
6/17/2016,1583301.013299978
6/17/2016,1583301.013299978
6/17/2016,1583301.013299978
6/17/2016,1583301.013299978
6/17/2016,1583301.013299978
6/17/2017,1587197.6852999781
6/17/2017,1587197.6852999781
6/17/2017,1587197.6852999781
6/17/2017,1587197.6852999781
6/17/2017,1587197.6852999781
6/17/2017,1587197.6852999781
6/17/2017,1587197.6852999781
6/17/2017,1587197.6852999781
6/17/2017,1587197.6852999781
6/18/2014,1587337.4852999782
6/18/2015,1589220.5722999785
6/18/2015,1589220.5722999785
6/18/2015,1589220.5722999785
6/18/2015,1589220.5722999785
6/18/2015,1589220.5722999785
6/18/2015,1589220.5722999785
6/18/2015,1589220.5722999785
6/18/2015,1589220.5722999785
6/18/2015,1589220.5722999785
6/18/2015,1589220.5722999785
6/18/2015,1589220.5722999785
6/18/2015,1589220.5722999785
6/18/2015,1589220.5722999785
6/18/2015,1589220.5722999785
6/18/2016,1589762.5102999785
6/18/2016,1589762.5102999785
6/18/2016,1589762.5102999785
6/18/2016,1589762.5102999785
6/18/2017,1590793.6657999784
6/18/2017,1590793.6657999784
6/18/2017,1590793.6657999784
6/19/2015,1591240.0117999783
6/19/2015,1591240.0117999783
6/19/2015,1591240.0117999783
6/19/2015,1591240.0117999783
6/19/2015,1591240.0117999783
6/19/2015,1591240.0117999783
6/19/2016,1591257.1317999784
6/19/2017,1593373.0727999785
6/19/2017,1593373.0727999785
6/19/2017,1593373.0727999785
6/19/2017,1593373.0727999785
6/19/2017,1593373.0727999785
6/19/2017,1593373.0727999785
6/19/2017,1593373.0727999785
6/19/2017,1593373.0727999785
6/19/2017,1593373.0727999785
6/19/2017,1593373.0727999785
6/19/2017,1593373.0727999785
6/19/2017,1593373.0727999785
6/19/2017,1593373.0727999785
6/19/2017,1593373.0727999785
6/19/2017,1593373.0727999785
6/19/2017,1593373.0727999785
6/2/2014,1594111.6707999785
6/2/2014,1594111.6707999785
6/2/2014,1594111.6707999785
6/2/2014,1594111.6707999785
6/2/2014,1594111.6707999785
6/2/2016,1594269.5147999786
6/2/2016,1594269.5147999786
6/2/2016,1594269.5147999786
6/2/2016,1594269.5147999786
6/2/2017,1594405.2207999786
6/2/2017,1594405.2207999786
6/2/2017,1594405.2207999786
6/2/2017,1594405.2207999786
6/2/2017,1594405.2207999786
6/2/2017,1594405.2207999786
6/20/2014,1596234.1703999785
6/20/2014,1596234.1703999785
6/20/2014,1596234.1703999785
6/20/2014,1596234.1703999785
6/20/2014,1596234.1703999785
6/20/2014,1596234.1703999785
6/20/2014,1596234.1703999785
6/20/2014,1596234.1703999785
6/20/2014,1596234.1703999785
6/20/2015,1597063.7143999783
6/20/2015,1597063.7143999783
6/20/2015,1597063.7143999783
6/20/2015,1597063.7143999783
6/20/2016,1598293.2623999782
6/20/2016,1598293.2623999782
6/20/2016,1598293.2623999782
6/20/2016,1598293.2623999782
6/20/2016,1598293.2623999782
6/20/2016,1598293.2623999782
6/20/2016,1598293.2623999782
6/20/2016,1598293.2623999782
6/20/2016,1598293.2623999782
6/20/2016,1598293.2623999782
6/20/2016,1598293.2623999782
6/20/2016,1598293.2623999782
6/20/2016,1598293.2623999782
6/20/2016,1598293.2623999782
6/20/2016,1598293.2623999782
6/20/2016,1598293.2623999782
6/20/2016,1598293.2623999782
6/20/2017,1599321.490399978
6/20/2017,1599321.490399978
6/20/2017,1599321.490399978
6/20/2017,1599321.490399978
6/20/2017,1599321.490399978
6/20/2017,1599321.490399978
6/20/2017,1599321.490399978
6/20/2017,1599321.490399978
6/20/2017,1599321.490399978
6/21/2014,1603428.9333999779
6/21/2014,1603428.9333999779
6/21/2014,1603428.9333999779
6/21/2014,1603428.9333999779
6/21/2014,1603428.9333999779
6/21/2014,1603428.9333999779
6/21/2014,1603428.9333999779
6/21/2014,1603428.9333999779
6/21/2014,1603428.9333999779
6/21/2014,1603428.9333999779
6/21/2014,1603428.9333999779
6/21/2014,1603428.9333999779
6/21/2014,1603428.9333999779
6/21/2014,1603428.9333999779
6/21/2014,1603428.9333999779
6/21/2014,1603428.9333999779
6/21/2014,1603428.9333999779
6/21/2014,1603428.9333999779
6/21/2015,1603536.909399978
6/21/2016,1604114.017399978
6/21/2016,1604114.017399978
6/21/2016,1604114.017399978
6/21/2016,1604114.017399978
6/21/2017,1604709.6733999779
6/21/2017,1604709.6733999779
6/21/2017,1604709.6733999779
6/21/2017,1604709.6733999779
6/21/2017,1604709.6733999779
6/22/2014,1606685.1713999778
6/22/2014,1606685.1713999778
6/22/2014,1606685.1713999778
6/22/2014,1606685.1713999778
6/22/2014,1606685.1713999778
6/22/2014,1606685.1713999778
6/22/2014,1606685.1713999778
6/22/2015,1608704.1243999777
6/22/2015,1608704.1243999777
6/22/2015,1608704.1243999777
6/22/2017,1609283.1433999778
6/22/2017,1609283.1433999778
6/22/2017,1609283.1433999778
6/22/2017,1609283.1433999778
6/22/2017,1609283.1433999778
6/22/2017,1609283.1433999778
6/23/2014,1609392.6393999779
6/23/2014,1609392.6393999779
6/23/2014,1609392.6393999779
6/23/2015,1610229.5973999777
6/23/2015,1610229.5973999777
6/23/2015,1610229.5973999777
6/23/2015,1610229.5973999777
6/23/2015,1610229.5973999777
6/23/2015,1610229.5973999777
6/23/2015,1610229.5973999777
6/23/2016,1612704.6913999775
6/23/2016,1612704.6913999775
6/23/2016,1612704.6913999775
6/23/2016,1612704.6913999775
6/23/2016,1612704.6913999775
6/23/2016,1612704.6913999775
6/23/2016,1612704.6913999775
6/23/2016,1612704.6913999775
6/23/2016,1612704.6913999775
6/23/2016,1612704.6913999775
6/23/2016,1612704.6913999775
6/24/2014,1612708.9633999777
6/24/2016,1618019.9153999777
6/24/2016,1618019.9153999777
6/24/2016,1618019.9153999777
6/24/2016,1618019.9153999777
6/24/2016,1618019.9153999777
6/24/2016,1618019.9153999777
6/24/2017,1619307.5293999775
6/24/2017,1619307.5293999775
6/24/2017,1619307.5293999775
6/24/2017,1619307.5293999775
6/24/2017,1619307.5293999775
6/24/2017,1619307.5293999775
6/24/2017,1619307.5293999775
6/24/2017,1619307.5293999775
6/24/2017,1619307.5293999775
6/24/2017,1619307.5293999775
6/25/2014,1620100.2893999775
6/25/2014,1620100.2893999775
6/25/2014,1620100.2893999775
6/25/2014,1620100.2893999775
6/25/2015,1620957.3693999778
6/25/2015,1620957.3693999778
6/25/2015,1620957.3693999778
6/25/2015,1620957.3693999778
6/25/2015,1620957.3693999778
6/25/2015,1620957.3693999778
6/25/2015,1620957.3693999778
6/25/2015,1620957.3693999778
6/25/2015,1620957.3693999778
6/25/2015,1620957.3693999778
6/25/2016,1621850.635399978
6/25/2016,1621850.635399978
6/25/2016,1621850.635399978
6/25/2016,1621850.635399978
6/25/2016,1621850.635399978
6/25/2016,1621850.635399978
6/25/2017,1623358.9873999779
6/25/2017,1623358.9873999779
6/25/2017,1623358.9873999779
6/25/2017,1623358.9873999779
6/25/2017,1623358.9873999779
6/25/2017,1623358.9873999779
6/26/2015,1624951.1833999776
6/26/2015,1624951.1833999776
6/26/2015,1624951.1833999776
6/26/2015,1624951.1833999776
6/26/2015,1624951.1833999776
6/26/2015,1624951.1833999776
6/26/2015,1624951.1833999776
6/26/2016,1626870.783399977
6/26/2016,1626870.783399977
6/26/2016,1626870.783399977
6/26/2016,1626870.783399977
6/26/2016,1626870.783399977
6/26/2016,1626870.783399977
6/26/2016,1626870.783399977
6/26/2016,1626870.783399977
6/26/2016,1626870.783399977
6/26/2016,1626870.783399977
6/26/2016,1626870.783399977
6/26/2016,1626870.783399977
6/26/2016,1626870.783399977
6/26/2016,1626870.783399977
6/26/2016,1626870.783399977
6/26/2016,1626870.783399977
6/26/2017,1631094.9193999765
6/26/2017,1631094.9193999765
6/26/2017,1631094.9193999765
6/26/2017,1631094.9193999765
6/26/2017,1631094.9193999765
6/26/2017,1631094.9193999765
6/26/2017,1631094.9193999765
6/26/2017,1631094.9193999765
6/26/2017,1631094.9193999765
6/26/2017,1631094.9193999765
6/26/2017,1631094.9193999765
6/26/2017,1631094.9193999765
6/26/2017,1631094.9193999765
6/26/2017,1631094.9193999765
6/26/2017,1631094.9193999765
6/26/2017,1631094.9193999765
6/27/2014,1631711.0593999764
6/27/2014,1631711.0593999764
6/27/2014,1631711.0593999764
6/27/2016,1632489.7653999764
6/27/2016,1632489.7653999764
6/27/2016,1632489.7653999764
6/27/2017,1634134.6713999764
6/27/2017,1634134.6713999764
6/27/2017,1634134.6713999764
6/27/2017,1634134.6713999764
6/27/2017,1634134.6713999764
6/28/2014,1635780.4623999766
6/28/2014,1635780.4623999766
6/28/2014,1635780.4623999766
6/28/2014,1635780.4623999766
6/28/2014,1635780.4623999766
6/28/2014,1635780.4623999766
6/28/2015,1637166.9283999766
6/28/2015,1637166.9283999766
6/28/2015,1637166.9283999766
6/28/2015,1637166.9283999766
6/28/2015,1637166.9283999766
6/28/2015,1637166.9283999766
6/28/2016,1638044.0843999765
6/28/2016,1638044.0843999765
6/28/2016,1638044.0843999765
6/28/2016,1638044.0843999765
6/28/2016,1638044.0843999765
6/28/2016,1638044.0843999765
6/28/2016,1638044.0843999765
6/28/2016,1638044.0843999765
6/29/2014,1638090.7643999765
6/29/2014,1638090.7643999765
6/29/2015,1638523.6903999764
6/29/2015,1638523.6903999764
6/29/2015,1638523.6903999764
6/29/2015,1638523.6903999764
6/29/2016,1638715.5703999763
6/29/2017,1643237.561599976
6/29/2017,1643237.561599976
6/29/2017,1643237.561599976
6/29/2017,1643237.561599976
6/29/2017,1643237.561599976
6/29/2017,1643237.561599976
6/29/2017,1643237.561599976
6/29/2017,1643237.561599976
6/29/2017,1643237.561599976
6/29/2017,1643237.561599976
6/29/2017,1643237.561599976
6/29/2017,1643237.561599976
6/29/2017,1643237.561599976
6/29/2017,1643237.561599976
6/29/2017,1643237.561599976
6/3/2014,1643978.8975999758
6/3/2014,1643978.8975999758
6/3/2014,1643978.8975999758
6/3/2014,1643978.8975999758
6/3/2014,1643978.8975999758
6/3/2016,1644049.9855999758
6/3/2017,1647002.0215999756
6/3/2017,1647002.0215999756
6/3/2017,1647002.0215999756
6/3/2017,1647002.0215999756
6/3/2017,1647002.0215999756
6/3/2017,1647002.0215999756
6/3/2017,1647002.0215999756
6/3/2017,1647002.0215999756
6/3/2017,1647002.0215999756
6/3/2017,1647002.0215999756
6/3/2017,1647002.0215999756
6/3/2017,1647002.0215999756
6/3/2017,1647002.0215999756
6/3/2017,1647002.0215999756
6/3/2017,1647002.0215999756
6/3/2017,1647002.0215999756
6/3/2017,1647002.0215999756
6/30/2014,1647741.6455999755
6/30/2014,1647741.6455999755
6/30/2014,1647741.6455999755
6/30/2014,1647741.6455999755
6/30/2014,1647741.6455999755
6/30/2014,1647741.6455999755
6/30/2014,1647741.6455999755
6/30/2014,1647741.6455999755
6/30/2016,1649094.5955999757
6/30/2016,1649094.5955999757
6/30/2016,1649094.5955999757
6/30/2017,1653816.5725999754
6/30/2017,1653816.5725999754
6/30/2017,1653816.5725999754
6/30/2017,1653816.5725999754
6/30/2017,1653816.5725999754
6/30/2017,1653816.5725999754
6/30/2017,1653816.5725999754
6/30/2017,1653816.5725999754
6/30/2017,1653816.5725999754
6/30/2017,1653816.5725999754
6/30/2017,1653816.5725999754
6/4/2014,1654272.8445999753
6/4/2014,1654272.8445999753
6/4/2014,1654272.8445999753
6/4/2014,1654272.8445999753
6/4/2014,1654272.8445999753
6/4/2015,1655465.154599975
6/4/2015,1655465.154599975
6/4/2015,1655465.154599975
6/4/2015,1655465.154599975
6/4/2015,1655465.154599975
6/4/2015,1655465.154599975
6/4/2016,1657781.6775999751
6/4/2016,1657781.6775999751
6/4/2016,1657781.6775999751
6/4/2016,1657781.6775999751
6/4/2016,1657781.6775999751
6/4/2016,1657781.6775999751
6/4/2016,1657781.6775999751
6/4/2016,1657781.6775999751
6/4/2016,1657781.6775999751
6/4/2016,1657781.6775999751
6/4/2016,1657781.6775999751
6/4/2016,1657781.6775999751
6/4/2017,1658061.091599975
6/4/2017,1658061.091599975
6/4/2017,1658061.091599975
6/4/2017,1658061.091599975
6/4/2017,1658061.091599975
6/4/2017,1658061.091599975
6/4/2017,1658061.091599975
6/4/2017,1658061.091599975
6/5/2015,1659594.289599975
6/5/2015,1659594.289599975
6/5/2016,1660254.1095999747
6/5/2016,1660254.1095999747
6/5/2016,1660254.1095999747
6/5/2016,1660254.1095999747
6/5/2016,1660254.1095999747
6/5/2016,1660254.1095999747
6/5/2016,1660254.1095999747
6/5/2016,1660254.1095999747
6/5/2017,1660745.2215999747
6/5/2017,1660745.2215999747
6/6/2014,1662119.2225999746
6/6/2014,1662119.2225999746
6/6/2014,1662119.2225999746
6/6/2014,1662119.2225999746
6/6/2014,1662119.2225999746
6/6/2014,1662119.2225999746
6/6/2014,1662119.2225999746
6/6/2014,1662119.2225999746
6/6/2014,1662119.2225999746
6/6/2016,1668145.5345999745
6/6/2016,1668145.5345999745
6/6/2016,1668145.5345999745
6/6/2016,1668145.5345999745
6/6/2016,1668145.5345999745
6/6/2016,1668145.5345999745
6/6/2016,1668145.5345999745
6/6/2016,1668145.5345999745
6/6/2016,1668145.5345999745
6/6/2016,1668145.5345999745
6/6/2016,1668145.5345999745
6/6/2016,1668145.5345999745
6/6/2016,1668145.5345999745
6/6/2016,1668145.5345999745
6/6/2016,1668145.5345999745
6/6/2016,1668145.5345999745
6/6/2016,1668145.5345999745
6/6/2017,1668176.8845999744
6/6/2017,1668176.8845999744
6/7/2014,1668458.2815999745
6/7/2014,1668458.2815999745
6/7/2015,1668518.0495999744
6/7/2015,1668518.0495999744
6/7/2015,1668518.0495999744
6/7/2015,1668518.0495999744
6/7/2016,1668569.6115999743
6/7/2016,1668569.6115999743
6/7/2016,1668569.6115999743
6/7/2016,1668569.6115999743
6/8/2014,1671070.875599974
6/8/2014,1671070.875599974
6/8/2014,1671070.875599974
6/8/2014,1671070.875599974
6/8/2015,1672153.987599974
6/8/2015,1672153.987599974
6/8/2015,1672153.987599974
6/8/2015,1672153.987599974
6/8/2015,1672153.987599974
6/8/2015,1672153.987599974
6/8/2015,1672153.987599974
6/8/2015,1672153.987599974
6/8/2015,1672153.987599974
6/8/2017,1674381.0255999742
6/8/2017,1674381.0255999742
6/8/2017,1674381.0255999742
6/8/2017,1674381.0255999742
6/8/2017,1674381.0255999742
6/8/2017,1674381.0255999742
6/8/2017,1674381.0255999742
6/8/2017,1674381.0255999742
6/8/2017,1674381.0255999742
6/8/2017,1674381.0255999742
6/8/2017,1674381.0255999742
6/9/2014,1679844.0335999744
6/9/2014,1679844.0335999744
6/9/2014,1679844.0335999744
6/9/2014,1679844.0335999744
6/9/2014,1679844.0335999744
6/9/2014,1679844.0335999744
6/9/2014,1679844.0335999744
6/9/2014,1679844.0335999744
6/9/2014,1679844.0335999744
6/9/2014,1679844.0335999744
6/9/2014,1679844.0335999744
6/9/2014,1679844.0335999744
6/9/2014,1679844.0335999744
6/9/2014,1679844.0335999744
6/9/2014,1679844.0335999744
6/9/2014,1679844.0335999744
6/9/2015,1680641.1495999745
6/9/2015,1680641.1495999745
6/9/2015,1680641.1495999745
6/9/2015,1680641.1495999745
6/9/2015,1680641.1495999745
6/9/2015,1680641.1495999745
6/9/2015,1680641.1495999745
6/9/2016,1682329.6215999743
6/9/2016,1682329.6215999743
6/9/2016,1682329.6215999743
6/9/2016,1682329.6215999743
6/9/2017,1683268.7545999745
6/9/2017,1683268.7545999745
6/9/2017,1683268.7545999745
6/9/2017,1683268.7545999745
6/9/2017,1683268.7545999745
7/1/2014,1683869.7785999742
7/1/2014,1683869.7785999742
7/1/2014,1683869.7785999742
7/1/2016,1685594.1545999744
7/1/2016,1685594.1545999744
7/1/2016,1685594.1545999744
7/1/2016,1685594.1545999744
7/1/2016,1685594.1545999744
7/1/2016,1685594.1545999744
7/1/2016,1685594.1545999744
7/1/2016,1685594.1545999744
7/1/2017,1686233.9845999742
7/1/2017,1686233.9845999742
7/1/2017,1686233.9845999742
7/10/2015,1686277.270599974
7/10/2015,1686277.270599974
7/10/2016,1687173.1655999739
7/10/2016,1687173.1655999739
7/10/2016,1687173.1655999739
7/10/2016,1687173.1655999739
7/10/2016,1687173.1655999739
7/10/2017,1687532.3795999738
7/10/2017,1687532.3795999738
7/10/2017,1687532.3795999738
7/11/2014,1689719.585599974
7/11/2014,1689719.585599974
7/11/2014,1689719.585599974
7/11/2014,1689719.585599974
7/11/2014,1689719.585599974
7/11/2014,1689719.585599974
7/11/2014,1689719.585599974
7/11/2014,1689719.585599974
7/11/2014,1689719.585599974
7/11/2014,1689719.585599974
7/11/2015,1691661.537599974
7/11/2015,1691661.537599974
7/11/2015,1691661.537599974
7/11/2015,1691661.537599974
7/11/2015,1691661.537599974
7/11/2015,1691661.537599974
7/11/2015,1691661.537599974
7/11/2015,1691661.537599974
7/11/2015,1691661.537599974
7/11/2015,1691661.537599974
7/11/2015,1691661.537599974
7/11/2017,1693390.4295999743
7/11/2017,1693390.4295999743
7/11/2017,1693390.4295999743
7/11/2017,1693390.4295999743
7/11/2017,1693390.4295999743
7/11/2017,1693390.4295999743
7/11/2017,1693390.4295999743
7/12/2014,1695350.441599974
7/12/2014,1695350.441599974
7/12/2014,1695350.441599974
7/12/2014,1695350.441599974
7/12/2014,1695350.441599974
7/12/2014,1695350.441599974
7/12/2014,1695350.441599974
7/12/2014,1695350.441599974
7/12/2014,1695350.441599974
7/12/2014,1695350.441599974
7/12/2014,1695350.441599974
7/12/2014,1695350.441599974
7/12/2015,1697403.0085999742
7/12/2015,1697403.0085999742
7/12/2015,1697403.0085999742
7/12/2015,1697403.0085999742
7/12/2015,1697403.0085999742
7/12/2015,1697403.0085999742
7/12/2015,1697403.0085999742
7/12/2015,1697403.0085999742
7/12/2016,1697498.7685999742
7/12/2017,1697502.5845999743
7/13/2014,1697853.8005999743
7/13/2015,1699887.0565999742
7/13/2015,1699887.0565999742
7/13/2015,1699887.0565999742
7/13/2015,1699887.0565999742
7/13/2015,1699887.0565999742
7/13/2017,1700391.598599974
7/13/2017,1700391.598599974
7/13/2017,1700391.598599974
7/13/2017,1700391.598599974
7/14/2014,1700684.1925999739
7/14/2014,1700684.1925999739
7/14/2014,1700684.1925999739
7/14/2014,1700684.1925999739
7/14/2014,1700684.1925999739
7/14/2014,1700684.1925999739
7/14/2014,1700684.1925999739
7/14/2014,1700684.1925999739
7/14/2014,1700684.1925999739
7/14/2015,1701545.1085999738
7/14/2015,1701545.1085999738
7/14/2015,1701545.1085999738
7/14/2015,1701545.1085999738
7/14/2016,1703695.068599974
7/14/2016,1703695.068599974
7/14/2016,1703695.068599974
7/14/2016,1703695.068599974
7/14/2016,1703695.068599974
7/14/2016,1703695.068599974
7/14/2016,1703695.068599974
7/14/2016,1703695.068599974
7/14/2016,1703695.068599974
7/14/2016,1703695.068599974
7/14/2016,1703695.068599974
7/14/2016,1703695.068599974
7/14/2016,1703695.068599974
7/14/2016,1703695.068599974
7/14/2016,1703695.068599974
7/14/2016,1703695.068599974
7/14/2016,1703695.068599974
7/14/2016,1703695.068599974
7/14/2017,1707294.002599974
7/14/2017,1707294.002599974
7/14/2017,1707294.002599974
7/14/2017,1707294.002599974
7/14/2017,1707294.002599974
7/14/2017,1707294.002599974
7/14/2017,1707294.002599974
7/14/2017,1707294.002599974
7/14/2017,1707294.002599974
7/14/2017,1707294.002599974
7/14/2017,1707294.002599974
7/14/2017,1707294.002599974
7/14/2017,1707294.002599974
7/15/2014,1707303.512599974
7/15/2014,1707303.512599974
7/15/2016,1707683.712599974
7/15/2016,1707683.712599974
7/15/2016,1707683.712599974
7/15/2017,1709815.9415999737
7/15/2017,1709815.9415999737
7/15/2017,1709815.9415999737
7/15/2017,1709815.9415999737
7/15/2017,1709815.9415999737
7/15/2017,1709815.9415999737
7/15/2017,1709815.9415999737
7/15/2017,1709815.9415999737
7/15/2017,1709815.9415999737
7/15/2017,1709815.9415999737
7/16/2015,1712845.3275999734
7/16/2015,1712845.3275999734
7/16/2015,1712845.3275999734
7/16/2015,1712845.3275999734
7/16/2015,1712845.3275999734
7/16/2015,1712845.3275999734
7/16/2015,1712845.3275999734
7/16/2016,1713755.4975999736
7/16/2016,1713755.4975999736
7/16/2016,1713755.4975999736
7/16/2016,1713755.4975999736
7/16/2016,1713755.4975999736
7/16/2016,1713755.4975999736
7/16/2016,1713755.4975999736
7/16/2016,1713755.4975999736
7/16/2016,1713755.4975999736
7/16/2016,1713755.4975999736
7/16/2016,1713755.4975999736
7/16/2016,1713755.4975999736
7/16/2017,1714072.1335999735
7/16/2017,1714072.1335999735
7/16/2017,1714072.1335999735
7/17/2015,1714520.2155999735
7/17/2015,1714520.2155999735
7/17/2015,1714520.2155999735
7/17/2015,1714520.2155999735
7/17/2016,1716705.0955999729
7/17/2016,1716705.0955999729
7/17/2016,1716705.0955999729
7/17/2016,1716705.0955999729
7/17/2016,1716705.0955999729
7/17/2016,1716705.0955999729
7/17/2016,1716705.0955999729
7/17/2016,1716705.0955999729
7/17/2016,1716705.0955999729
7/17/2016,1716705.0955999729
7/17/2016,1716705.0955999729
7/17/2016,1716705.0955999729
7/17/2016,1716705.0955999729
7/17/2016,1716705.0955999729
7/17/2016,1716705.0955999729
7/17/2016,1716705.0955999729
7/17/2016,1716705.0955999729
7/17/2017,1718896.9685999728
7/17/2017,1718896.9685999728
7/17/2017,1718896.9685999728
7/17/2017,1718896.9685999728
7/17/2017,1718896.9685999728
7/17/2017,1718896.9685999728
7/17/2017,1718896.9685999728
7/17/2017,1718896.9685999728
7/17/2017,1718896.9685999728
7/18/2014,1719170.0085999728
7/18/2014,1719170.0085999728
7/18/2015,1719842.4265999726
7/18/2015,1719842.4265999726
7/18/2015,1719842.4265999726
7/18/2015,1719842.4265999726
7/18/2015,1719842.4265999726
7/18/2016,1722734.2845999727
7/18/2016,1722734.2845999727
7/18/2016,1722734.2845999727
7/18/2016,1722734.2845999727
7/18/2016,1722734.2845999727
7/18/2016,1722734.2845999727
7/18/2016,1722734.2845999727
7/18/2016,1722734.2845999727
7/18/2016,1722734.2845999727
7/18/2016,1722734.2845999727
7/18/2016,1722734.2845999727
7/18/2016,1722734.2845999727
7/18/2017,1724841.0785999724
7/18/2017,1724841.0785999724
7/18/2017,1724841.0785999724
7/18/2017,1724841.0785999724
7/18/2017,1724841.0785999724
7/18/2017,1724841.0785999724
7/18/2017,1724841.0785999724
7/18/2017,1724841.0785999724
7/19/2014,1725302.4045999723
7/19/2014,1725302.4045999723
7/19/2014,1725302.4045999723
7/19/2014,1725302.4045999723
7/19/2014,1725302.4045999723
7/19/2015,1725304.4295999722
7/19/2016,1726840.8835999721
7/19/2016,1726840.8835999721
7/19/2016,1726840.8835999721
7/19/2016,1726840.8835999721
7/19/2016,1726840.8835999721
7/19/2016,1726840.8835999721
7/19/2016,1726840.8835999721
7/19/2016,1726840.8835999721
7/2/2014,1726920.4435999722
7/2/2014,1726920.4435999722
7/2/2015,1728552.3455999722
7/2/2015,1728552.3455999722
7/2/2015,1728552.3455999722
7/2/2015,1728552.3455999722
7/2/2015,1728552.3455999722
7/2/2015,1728552.3455999722
7/2/2015,1728552.3455999722
7/2/2015,1728552.3455999722
7/2/2015,1728552.3455999722
7/2/2015,1728552.3455999722
7/2/2015,1728552.3455999722
7/2/2015,1728552.3455999722
7/2/2015,1728552.3455999722
7/2/2016,1729325.131599972
7/2/2016,1729325.131599972
7/2/2016,1729325.131599972
7/2/2016,1729325.131599972
7/2/2017,1729494.323599972
7/2/2017,1729494.323599972
7/20/2014,1731780.1095999721
7/20/2014,1731780.1095999721
7/20/2014,1731780.1095999721
7/20/2014,1731780.1095999721
7/20/2014,1731780.1095999721
7/20/2014,1731780.1095999721
7/20/2014,1731780.1095999721
7/20/2014,1731780.1095999721
7/20/2014,1731780.1095999721
7/20/2014,1731780.1095999721
7/20/2014,1731780.1095999721
7/20/2014,1731780.1095999721
7/20/2014,1731780.1095999721
7/20/2014,1731780.1095999721
7/20/2014,1731780.1095999721
7/20/2015,1734473.2775999717
7/20/2015,1734473.2775999717
7/20/2015,1734473.2775999717
7/20/2015,1734473.2775999717
7/20/2015,1734473.2775999717
7/20/2015,1734473.2775999717
7/20/2015,1734473.2775999717
7/20/2015,1734473.2775999717
7/20/2015,1734473.2775999717
7/20/2015,1734473.2775999717
7/20/2016,1734563.2275999717
7/20/2017,1736846.4355999718
7/20/2017,1736846.4355999718
7/20/2017,1736846.4355999718
7/20/2017,1736846.4355999718
7/20/2017,1736846.4355999718
7/20/2017,1736846.4355999718
7/20/2017,1736846.4355999718
7/20/2017,1736846.4355999718
7/20/2017,1736846.4355999718
7/20/2017,1736846.4355999718
7/20/2017,1736846.4355999718
7/20/2017,1736846.4355999718
7/21/2014,1738807.9175999716
7/21/2014,1738807.9175999716
7/21/2014,1738807.9175999716
7/21/2014,1738807.9175999716
7/21/2014,1738807.9175999716
7/21/2014,1738807.9175999716
7/21/2014,1738807.9175999716
7/21/2014,1738807.9175999716
7/21/2016,1739799.0125999714
7/21/2016,1739799.0125999714
7/21/2016,1739799.0125999714
7/21/2016,1739799.0125999714
7/21/2016,1739799.0125999714
7/21/2016,1739799.0125999714
7/21/2016,1739799.0125999714
7/21/2016,1739799.0125999714
7/21/2016,1739799.0125999714
7/21/2017,1743484.9565999715
7/21/2017,1743484.9565999715
7/21/2017,1743484.9565999715
7/21/2017,1743484.9565999715
7/21/2017,1743484.9565999715
7/21/2017,1743484.9565999715
7/21/2017,1743484.9565999715
7/21/2017,1743484.9565999715
7/21/2017,1743484.9565999715
7/21/2017,1743484.9565999715
7/21/2017,1743484.9565999715
7/21/2017,1743484.9565999715
7/21/2017,1743484.9565999715
7/21/2017,1743484.9565999715
7/21/2017,1743484.9565999715
7/21/2017,1743484.9565999715
7/21/2017,1743484.9565999715
7/21/2017,1743484.9565999715
7/21/2017,1743484.9565999715
7/21/2017,1743484.9565999715
7/21/2017,1743484.9565999715
7/21/2017,1743484.9565999715
7/21/2017,1743484.9565999715
7/22/2014,1744833.3005999713
7/22/2014,1744833.3005999713
7/22/2014,1744833.3005999713
7/22/2014,1744833.3005999713
7/22/2014,1744833.3005999713
7/22/2014,1744833.3005999713
7/22/2014,1744833.3005999713
7/22/2014,1744833.3005999713
7/22/2016,1746201.348599971
7/22/2016,1746201.348599971
7/22/2016,1746201.348599971
7/22/2016,1746201.348599971
7/22/2016,1746201.348599971
7/22/2016,1746201.348599971
7/22/2016,1746201.348599971
7/22/2016,1746201.348599971
7/22/2016,1746201.348599971
7/22/2016,1746201.348599971
7/22/2016,1746201.348599971
7/22/2016,1746201.348599971
7/22/2017,1746757.662599971
7/22/2017,1746757.662599971
7/23/2014,1749370.846599971
7/23/2014,1749370.846599971
7/23/2014,1749370.846599971
7/23/2014,1749370.846599971
7/23/2014,1749370.846599971
7/23/2014,1749370.846599971
7/23/2014,1749370.846599971
7/23/2014,1749370.846599971
7/23/2014,1749370.846599971
7/23/2015,1749579.118599971
7/23/2015,1749579.118599971
7/23/2015,1749579.118599971
7/23/2016,1750233.705599971
7/23/2016,1750233.705599971
7/23/2016,1750233.705599971
7/23/2016,1750233.705599971
7/23/2016,1750233.705599971
7/23/2016,1750233.705599971
7/23/2016,1750233.705599971
7/23/2016,1750233.705599971
7/23/2016,1750233.705599971
7/23/2016,1750233.705599971
7/23/2017,1751131.893599971
7/23/2017,1751131.893599971
7/23/2017,1751131.893599971
7/23/2017,1751131.893599971
7/23/2017,1751131.893599971
7/23/2017,1751131.893599971
7/23/2017,1751131.893599971
7/23/2017,1751131.893599971
7/23/2017,1751131.893599971
7/23/2017,1751131.893599971
7/24/2015,1751657.8435999712
7/24/2015,1751657.8435999712
7/24/2015,1751657.8435999712
7/24/2015,1751657.8435999712
7/24/2016,1751984.807599971
7/24/2016,1751984.807599971
7/24/2017,1754384.767599971
7/25/2014,1762726.0575999708
7/25/2014,1762726.0575999708
7/25/2014,1762726.0575999708
7/25/2014,1762726.0575999708
7/25/2014,1762726.0575999708
7/25/2015,1765121.0815999706
7/25/2015,1765121.0815999706
7/25/2015,1765121.0815999706
7/25/2015,1765121.0815999706
7/25/2015,1765121.0815999706
7/25/2015,1765121.0815999706
7/25/2015,1765121.0815999706
7/25/2015,1765121.0815999706
7/25/2016,1771041.5695999705
7/25/2016,1771041.5695999705
7/25/2016,1771041.5695999705
7/25/2016,1771041.5695999705
7/25/2016,1771041.5695999705
7/25/2016,1771041.5695999705
7/25/2016,1771041.5695999705
7/25/2016,1771041.5695999705
7/25/2016,1771041.5695999705
7/25/2016,1771041.5695999705
7/25/2016,1771041.5695999705
7/25/2016,1771041.5695999705
7/25/2016,1771041.5695999705
7/25/2016,1771041.5695999705
7/25/2016,1771041.5695999705
7/25/2016,1771041.5695999705
7/25/2016,1771041.5695999705
7/25/2016,1771041.5695999705
7/25/2016,1771041.5695999705
7/25/2017,1771840.3115999703
7/25/2017,1771840.3115999703
7/25/2017,1771840.3115999703
7/25/2017,1771840.3115999703
7/25/2017,1771840.3115999703
7/25/2017,1771840.3115999703
7/25/2017,1771840.3115999703
7/25/2017,1771840.3115999703
7/26/2014,1776880.3055999696
7/26/2014,1776880.3055999696
7/26/2014,1776880.3055999696
7/26/2014,1776880.3055999696
7/26/2014,1776880.3055999696
7/26/2014,1776880.3055999696
7/26/2014,1776880.3055999696
7/26/2014,1776880.3055999696
7/26/2014,1776880.3055999696
7/26/2014,1776880.3055999696
7/26/2014,1776880.3055999696
7/26/2014,1776880.3055999696
7/26/2014,1776880.3055999696
7/26/2014,1776880.3055999696
7/26/2014,1776880.3055999696
7/26/2015,1777849.5305999697
7/26/2015,1777849.5305999697
7/26/2015,1777849.5305999697
7/26/2015,1777849.5305999697
7/26/2015,1777849.5305999697
7/26/2015,1777849.5305999697
7/26/2015,1777849.5305999697
7/26/2017,1779861.8325999696
7/26/2017,1779861.8325999696
7/27/2014,1780441.8925999696
7/27/2014,1780441.8925999696
7/27/2014,1780441.8925999696
7/27/2015,1780471.8625999696
7/27/2017,1781614.542599969
7/27/2017,1781614.542599969
7/27/2017,1781614.542599969
7/27/2017,1781614.542599969
7/27/2017,1781614.542599969
7/27/2017,1781614.542599969
7/27/2017,1781614.542599969
7/27/2017,1781614.542599969
7/28/2014,1781807.694599969
7/28/2014,1781807.694599969
7/28/2014,1781807.694599969
7/28/2016,1783841.0685999687
7/28/2016,1783841.0685999687
7/28/2016,1783841.0685999687
7/28/2016,1783841.0685999687
7/28/2016,1783841.0685999687
7/28/2016,1783841.0685999687
7/28/2016,1783841.0685999687
7/28/2016,1783841.0685999687
7/28/2017,1785011.6325999687
7/28/2017,1785011.6325999687
7/28/2017,1785011.6325999687
7/29/2016,1785830.7865999686
7/29/2016,1785830.7865999686
7/29/2016,1785830.7865999686
7/29/2016,1785830.7865999686
7/29/2017,1787222.0805999686
7/29/2017,1787222.0805999686
7/29/2017,1787222.0805999686
7/29/2017,1787222.0805999686
7/29/2017,1787222.0805999686
7/29/2017,1787222.0805999686
7/29/2017,1787222.0805999686
7/29/2017,1787222.0805999686
7/29/2017,1787222.0805999686
7/29/2017,1787222.0805999686
7/29/2017,1787222.0805999686
7/29/2017,1787222.0805999686
7/3/2015,1788046.0625999684
7/3/2015,1788046.0625999684
7/3/2015,1788046.0625999684
7/3/2015,1788046.0625999684
7/3/2015,1788046.0625999684
7/3/2016,1788893.7625999684
7/3/2016,1788893.7625999684
7/3/2016,1788893.7625999684
7/3/2016,1788893.7625999684
7/3/2017,1795857.1665999682
7/3/2017,1795857.1665999682
7/3/2017,1795857.1665999682
7/3/2017,1795857.1665999682
7/3/2017,1795857.1665999682
7/3/2017,1795857.1665999682
7/3/2017,1795857.1665999682
7/3/2017,1795857.1665999682
7/3/2017,1795857.1665999682
7/3/2017,1795857.1665999682
7/3/2017,1795857.1665999682
7/3/2017,1795857.1665999682
7/3/2017,1795857.1665999682
7/3/2017,1795857.1665999682
7/3/2017,1795857.1665999682
7/3/2017,1795857.1665999682
7/3/2017,1795857.1665999682
7/3/2017,1795857.1665999682
7/3/2017,1795857.1665999682
7/3/2017,1795857.1665999682
7/30/2014,1797225.0065999683
7/30/2015,1797668.808599968
7/30/2015,1797668.808599968
7/30/2015,1797668.808599968
7/30/2015,1797668.808599968
7/30/2015,1797668.808599968
7/30/2016,1799439.5845999678
7/30/2016,1799439.5845999678
7/30/2016,1799439.5845999678
7/30/2016,1799439.5845999678
7/30/2017,1799962.9605999677
7/30/2017,1799962.9605999677
7/30/2017,1799962.9605999677
7/30/2017,1799962.9605999677
7/31/2015,1803675.1225999675
7/31/2015,1803675.1225999675
7/31/2015,1803675.1225999675
7/31/2015,1803675.1225999675
7/31/2015,1803675.1225999675
7/31/2016,1805849.2805999673
7/31/2016,1805849.2805999673
7/31/2016,1805849.2805999673
7/31/2016,1805849.2805999673
7/31/2016,1805849.2805999673
7/31/2017,1807407.3085999673
7/31/2017,1807407.3085999673
7/31/2017,1807407.3085999673
7/31/2017,1807407.3085999673
7/31/2017,1807407.3085999673
7/31/2017,1807407.3085999673
7/31/2017,1807407.3085999673
7/31/2017,1807407.3085999673
7/31/2017,1807407.3085999673
7/31/2017,1807407.3085999673
7/31/2017,1807407.3085999673
7/4/2014,1807654.7165999676
7/4/2014,1807654.7165999676
7/4/2014,1807654.7165999676
7/4/2014,1807654.7165999676
7/4/2015,1808793.0045999675
7/4/2015,1808793.0045999675
7/4/2015,1808793.0045999675
7/4/2016,1810444.3055999673
7/4/2016,1810444.3055999673
7/4/2016,1810444.3055999673
7/4/2016,1810444.3055999673
7/4/2016,1810444.3055999673
7/4/2016,1810444.3055999673
7/4/2016,1810444.3055999673
7/5/2014,1811888.4095999675
7/5/2014,1811888.4095999675
7/5/2014,1811888.4095999675
7/5/2014,1811888.4095999675
7/5/2014,1811888.4095999675
7/5/2014,1811888.4095999675
7/5/2014,1811888.4095999675
7/5/2014,1811888.4095999675
7/5/2014,1811888.4095999675
7/5/2014,1811888.4095999675
7/5/2015,1812010.0555999677
7/5/2015,1812010.0555999677
7/5/2015,1812010.0555999677
7/5/2015,1812010.0555999677
7/5/2015,1812010.0555999677
7/5/2015,1812010.0555999677
7/5/2015,1812010.0555999677
7/5/2017,1812486.4095999678
7/5/2017,1812486.4095999678
7/5/2017,1812486.4095999678
7/5/2017,1812486.4095999678
7/5/2017,1812486.4095999678
7/5/2017,1812486.4095999678
7/6/2014,1813524.8815999678
7/6/2014,1813524.8815999678
7/6/2015,1814904.6935999678
7/6/2015,1814904.6935999678
7/6/2015,1814904.6935999678
7/6/2015,1814904.6935999678
7/6/2015,1814904.6935999678
7/6/2015,1814904.6935999678
7/6/2015,1814904.6935999678
7/6/2017,1815285.0715999678
7/6/2017,1815285.0715999678
7/6/2017,1815285.0715999678
7/6/2017,1815285.0715999678
7/7/2014,1815526.2655999677
7/7/2014,1815526.2655999677
7/7/2016,1819408.4965999676
7/7/2016,1819408.4965999676
7/7/2016,1819408.4965999676
7/7/2016,1819408.4965999676
7/7/2016,1819408.4965999676
7/7/2016,1819408.4965999676
7/7/2016,1819408.4965999676
7/7/2016,1819408.4965999676
7/7/2016,1819408.4965999676
7/7/2016,1819408.4965999676
7/7/2016,1819408.4965999676
7/7/2016,1819408.4965999676
7/7/2016,1819408.4965999676
7/7/2016,1819408.4965999676
7/7/2016,1819408.4965999676
7/7/2017,1821028.7465999674
7/7/2017,1821028.7465999674
7/7/2017,1821028.7465999674
7/7/2017,1821028.7465999674
7/7/2017,1821028.7465999674
7/7/2017,1821028.7465999674
7/7/2017,1821028.7465999674
7/7/2017,1821028.7465999674
7/7/2017,1821028.7465999674
7/8/2014,1821791.8205999671
7/8/2014,1821791.8205999671
7/8/2014,1821791.8205999671
7/8/2015,1821812.9405999673
7/8/2016,1824429.452599967
7/8/2016,1824429.452599967
7/8/2016,1824429.452599967
7/8/2016,1824429.452599967
7/8/2016,1824429.452599967
7/8/2016,1824429.452599967
7/8/2016,1824429.452599967
7/8/2016,1824429.452599967
7/8/2016,1824429.452599967
7/8/2016,1824429.452599967
7/8/2016,1824429.452599967
7/8/2017,1826409.7165999666
7/8/2017,1826409.7165999666
7/8/2017,1826409.7165999666
7/8/2017,1826409.7165999666
7/8/2017,1826409.7165999666
7/8/2017,1826409.7165999666
7/8/2017,1826409.7165999666
7/8/2017,1826409.7165999666
7/8/2017,1826409.7165999666
7/8/2017,1826409.7165999666
7/8/2017,1826409.7165999666
7/8/2017,1826409.7165999666
7/8/2017,1826409.7165999666
7/8/2017,1826409.7165999666
7/8/2017,1826409.7165999666
7/8/2017,1826409.7165999666
7/8/2017,1826409.7165999666
7/8/2017,1826409.7165999666
7/8/2017,1826409.7165999666
7/9/2014,1826675.2375999666
7/9/2014,1826675.2375999666
7/9/2014,1826675.2375999666
7/9/2014,1826675.2375999666
7/9/2014,1826675.2375999666
7/9/2014,1826675.2375999666
7/9/2014,1826675.2375999666
7/9/2014,1826675.2375999666
7/9/2014,1826675.2375999666
7/9/2015,1828262.3515999666
7/9/2015,1828262.3515999666
7/9/2015,1828262.3515999666
7/9/2015,1828262.3515999666
7/9/2015,1828262.3515999666
7/9/2015,1828262.3515999666
7/9/2015,1828262.3515999666
7/9/2015,1828262.3515999666
7/9/2015,1828262.3515999666
7/9/2015,1828262.3515999666
7/9/2015,1828262.3515999666
7/9/2015,1828262.3515999666
7/9/2015,1828262.3515999666
7/9/2015,1828262.3515999666
7/9/2016,1828835.6375999667
7/9/2016,1828835.6375999667
7/9/2017,1830506.8515999666
7/9/2017,1830506.8515999666
7/9/2017,1830506.8515999666
7/9/2017,1830506.8515999666
7/9/2017,1830506.8515999666
7/9/2017,1830506.8515999666
7/9/2017,1830506.8515999666
7/9/2017,1830506.8515999666
7/9/2017,1830506.8515999666
8/1/2014,1830735.1795999666
8/1/2014,1830735.1795999666
8/1/2014,1830735.1795999666
8/1/2014,1830735.1795999666
8/1/2014,1830735.1795999666
8/1/2014,1830735.1795999666
8/1/2015,1831746.8755999666
8/1/2015,1831746.8755999666
8/1/2016,1832871.5235999664
8/1/2016,1832871.5235999664
8/1/2016,1832871.5235999664
8/1/2016,1832871.5235999664
8/1/2017,1834957.1735999663
8/1/2017,1834957.1735999663
8/1/2017,1834957.1735999663
8/1/2017,1834957.1735999663
8/1/2017,1834957.1735999663
8/1/2017,1834957.1735999663
8/10/2015,1835808.6475999663
8/10/2015,1835808.6475999663
8/10/2015,1835808.6475999663
8/10/2015,1835808.6475999663
8/10/2015,1835808.6475999663
8/10/2015,1835808.6475999663
8/10/2015,1835808.6475999663
8/10/2017,1837631.7175999663
8/10/2017,1837631.7175999663
8/10/2017,1837631.7175999663
8/10/2017,1837631.7175999663
8/11/2014,1838083.3375999664
8/11/2014,1838083.3375999664
8/11/2014,1838083.3375999664
8/11/2014,1838083.3375999664
8/11/2015,1838279.4495999664
8/11/2015,1838279.4495999664
8/11/2015,1838279.4495999664
8/11/2016,1838431.2695999665
8/11/2016,1838431.2695999665
8/11/2016,1838431.2695999665
8/11/2017,1839139.9955999665
8/11/2017,1839139.9955999665
8/11/2017,1839139.9955999665
8/11/2017,1839139.9955999665
8/11/2017,1839139.9955999665
8/11/2017,1839139.9955999665
8/12/2014,1840972.3755999664
8/12/2014,1840972.3755999664
8/12/2014,1840972.3755999664
8/12/2014,1840972.3755999664
8/12/2014,1840972.3755999664
8/12/2014,1840972.3755999664
8/12/2014,1840972.3755999664
8/12/2014,1840972.3755999664
8/12/2014,1840972.3755999664
8/12/2014,1840972.3755999664
8/12/2014,1840972.3755999664
8/12/2016,1844924.3360999662
8/12/2016,1844924.3360999662
8/12/2016,1844924.3360999662
8/12/2016,1844924.3360999662
8/12/2016,1844924.3360999662
8/12/2016,1844924.3360999662
8/12/2016,1844924.3360999662
8/12/2017,1848617.4200999658
8/12/2017,1848617.4200999658
8/12/2017,1848617.4200999658
8/12/2017,1848617.4200999658
8/12/2017,1848617.4200999658
8/12/2017,1848617.4200999658
8/12/2017,1848617.4200999658
8/12/2017,1848617.4200999658
8/12/2017,1848617.4200999658
8/12/2017,1848617.4200999658
8/12/2017,1848617.4200999658
8/12/2017,1848617.4200999658
8/13/2015,1849204.3160999657
8/13/2015,1849204.3160999657
8/13/2015,1849204.3160999657
8/13/2015,1849204.3160999657
8/13/2015,1849204.3160999657
8/13/2015,1849204.3160999657
8/13/2016,1849935.8400999662
8/13/2016,1849935.8400999662
8/13/2016,1849935.8400999662
8/13/2016,1849935.8400999662
8/13/2016,1849935.8400999662
8/13/2016,1849935.8400999662
8/13/2016,1849935.8400999662
8/13/2016,1849935.8400999662
8/13/2016,1849935.8400999662
8/13/2016,1849935.8400999662
8/13/2017,1852579.004099966
8/13/2017,1852579.004099966
8/13/2017,1852579.004099966
8/13/2017,1852579.004099966
8/13/2017,1852579.004099966
8/13/2017,1852579.004099966
8/13/2017,1852579.004099966
8/13/2017,1852579.004099966
8/13/2017,1852579.004099966
8/13/2017,1852579.004099966
8/13/2017,1852579.004099966
8/13/2017,1852579.004099966
8/13/2017,1852579.004099966
8/14/2016,1853502.6920999659
8/14/2016,1853502.6920999659
8/14/2016,1853502.6920999659
8/14/2016,1853502.6920999659
8/14/2016,1853502.6920999659
8/14/2016,1853502.6920999659
8/14/2017,1853943.428099966
8/14/2017,1853943.428099966
8/14/2017,1853943.428099966
8/15/2014,1854786.2100999656
8/15/2014,1854786.2100999656
8/15/2014,1854786.2100999656
8/15/2014,1854786.2100999656
8/15/2014,1854786.2100999656
8/15/2014,1854786.2100999656
8/15/2014,1854786.2100999656
8/15/2014,1854786.2100999656
8/15/2014,1854786.2100999656
8/15/2015,1855283.8000999657
8/15/2015,1855283.8000999657
8/15/2015,1855283.8000999657
8/15/2016,1856964.0660999657
8/15/2016,1856964.0660999657
8/15/2016,1856964.0660999657
8/15/2016,1856964.0660999657
8/15/2016,1856964.0660999657
8/15/2016,1856964.0660999657
8/15/2016,1856964.0660999657
8/15/2016,1856964.0660999657
8/15/2016,1856964.0660999657
8/15/2016,1856964.0660999657
8/15/2017,1858913.9380999657
8/15/2017,1858913.9380999657
8/15/2017,1858913.9380999657
8/16/2014,1859767.0300999656
8/16/2015,1863145.9620999657
8/16/2015,1863145.9620999657
8/16/2015,1863145.9620999657
8/16/2015,1863145.9620999657
8/16/2015,1863145.9620999657
8/16/2015,1863145.9620999657
8/16/2015,1863145.9620999657
8/16/2015,1863145.9620999657
8/16/2015,1863145.9620999657
8/16/2015,1863145.9620999657
8/16/2015,1863145.9620999657
8/16/2015,1863145.9620999657
8/16/2015,1863145.9620999657
8/16/2016,1863350.5020999657
8/16/2016,1863350.5020999657
8/16/2016,1863350.5020999657
8/16/2017,1863431.0660999657
8/16/2017,1863431.0660999657
8/17/2014,1863931.4080999654
8/17/2014,1863931.4080999654
8/17/2014,1863931.4080999654
8/17/2014,1863931.4080999654
8/17/2014,1863931.4080999654
8/17/2015,1864313.0480999656
8/17/2015,1864313.0480999656
8/17/2015,1864313.0480999656
8/17/2015,1864313.0480999656
8/17/2015,1864313.0480999656
8/17/2016,1864328.7600999656
8/17/2017,1873846.0480999658
8/17/2017,1873846.0480999658
8/17/2017,1873846.0480999658
8/17/2017,1873846.0480999658
8/17/2017,1873846.0480999658
8/17/2017,1873846.0480999658
8/17/2017,1873846.0480999658
8/17/2017,1873846.0480999658
8/17/2017,1873846.0480999658
8/17/2017,1873846.0480999658
8/17/2017,1873846.0480999658
8/17/2017,1873846.0480999658
8/17/2017,1873846.0480999658
8/17/2017,1873846.0480999658
8/17/2017,1873846.0480999658
8/17/2017,1873846.0480999658
8/17/2017,1873846.0480999658
8/18/2016,1874342.1620999658
8/18/2016,1874342.1620999658
8/18/2016,1874342.1620999658
8/18/2016,1874342.1620999658
8/18/2016,1874342.1620999658
8/18/2016,1874342.1620999658
8/18/2017,1881420.6460999653
8/18/2017,1881420.6460999653
8/18/2017,1881420.6460999653
8/18/2017,1881420.6460999653
8/18/2017,1881420.6460999653
8/18/2017,1881420.6460999653
8/18/2017,1881420.6460999653
8/18/2017,1881420.6460999653
8/18/2017,1881420.6460999653
8/18/2017,1881420.6460999653
8/18/2017,1881420.6460999653
8/18/2017,1881420.6460999653
8/18/2017,1881420.6460999653
8/18/2017,1881420.6460999653
8/18/2017,1881420.6460999653
8/18/2017,1881420.6460999653
8/18/2017,1881420.6460999653
8/19/2014,1882859.7520999652
8/19/2014,1882859.7520999652
8/19/2014,1882859.7520999652
8/19/2014,1882859.7520999652
8/19/2014,1882859.7520999652
8/19/2014,1882859.7520999652
8/19/2014,1882859.7520999652
8/19/2016,1883308.5440999654
8/19/2016,1883308.5440999654
8/19/2016,1883308.5440999654
8/19/2017,1883820.9900999654
8/19/2017,1883820.9900999654
8/19/2017,1883820.9900999654
8/19/2017,1883820.9900999654
8/2/2014,1884707.2700999652
8/2/2014,1884707.2700999652
8/2/2014,1884707.2700999652
8/2/2015,1885997.748099965
8/2/2015,1885997.748099965
8/2/2015,1885997.748099965
8/2/2015,1885997.748099965
8/2/2015,1885997.748099965
8/2/2015,1885997.748099965
8/2/2015,1885997.748099965
8/2/2016,1886480.3320999648
8/2/2016,1886480.3320999648
8/2/2016,1886480.3320999648
8/20/2014,1888319.054099965
8/20/2014,1888319.054099965
8/20/2014,1888319.054099965
8/20/2014,1888319.054099965
8/20/2016,1888333.834099965
8/20/2017,1889026.784099965
8/20/2017,1889026.784099965
8/20/2017,1889026.784099965
8/20/2017,1889026.784099965
8/20/2017,1889026.784099965
8/20/2017,1889026.784099965
8/20/2017,1889026.784099965
8/21/2015,1891854.3040999644
8/21/2015,1891854.3040999644
8/21/2015,1891854.3040999644
8/21/2015,1891854.3040999644
8/21/2015,1891854.3040999644
8/21/2015,1891854.3040999644
8/21/2015,1891854.3040999644
8/21/2015,1891854.3040999644
8/21/2015,1891854.3040999644
8/21/2015,1891854.3040999644
8/21/2015,1891854.3040999644
8/21/2015,1891854.3040999644
8/21/2015,1891854.3040999644
8/21/2015,1891854.3040999644
8/21/2015,1891854.3040999644
8/21/2015,1891854.3040999644
8/21/2016,1896652.5960999643
8/21/2016,1896652.5960999643
8/21/2016,1896652.5960999643
8/21/2016,1896652.5960999643
8/21/2016,1896652.5960999643
8/21/2016,1896652.5960999643
8/21/2016,1896652.5960999643
8/21/2016,1896652.5960999643
8/21/2016,1896652.5960999643
8/21/2016,1896652.5960999643
8/21/2016,1896652.5960999643
8/21/2016,1896652.5960999643
8/21/2017,1905203.6500999639
8/21/2017,1905203.6500999639
8/21/2017,1905203.6500999639
8/21/2017,1905203.6500999639
8/21/2017,1905203.6500999639
8/21/2017,1905203.6500999639
8/21/2017,1905203.6500999639
8/21/2017,1905203.6500999639
8/21/2017,1905203.6500999639
8/21/2017,1905203.6500999639
8/21/2017,1905203.6500999639
8/21/2017,1905203.6500999639
8/21/2017,1905203.6500999639
8/21/2017,1905203.6500999639
8/21/2017,1905203.6500999639
8/21/2017,1905203.6500999639
8/21/2017,1905203.6500999639
8/21/2017,1905203.6500999639
8/21/2017,1905203.6500999639
8/21/2017,1905203.6500999639
8/21/2017,1905203.6500999639
8/21/2017,1905203.6500999639
8/21/2017,1905203.6500999639
8/22/2014,1905226.754099964
8/22/2014,1905226.754099964
8/22/2014,1905226.754099964
8/22/2015,1905293.386099964
8/22/2015,1905293.386099964
8/22/2016,1905698.7360999635
8/22/2016,1905698.7360999635
8/22/2016,1905698.7360999635
8/22/2016,1905698.7360999635
8/22/2016,1905698.7360999635
8/22/2016,1905698.7360999635
8/22/2016,1905698.7360999635
8/22/2016,1905698.7360999635
8/22/2017,1906223.2760999633
8/22/2017,1906223.2760999633
8/23/2014,1906788.500099963
8/23/2014,1906788.500099963
8/23/2014,1906788.500099963
8/23/2014,1906788.500099963
8/23/2014,1906788.500099963
8/23/2014,1906788.500099963
8/23/2014,1906788.500099963
8/23/2014,1906788.500099963
8/23/2014,1906788.500099963
8/23/2014,1906788.500099963
8/23/2015,1907990.7780999625
8/23/2015,1907990.7780999625
8/23/2015,1907990.7780999625
8/23/2015,1907990.7780999625
8/23/2015,1907990.7780999625
8/23/2015,1907990.7780999625
8/23/2015,1907990.7780999625
8/23/2015,1907990.7780999625
8/23/2015,1907990.7780999625
8/23/2015,1907990.7780999625
8/23/2015,1907990.7780999625
8/23/2016,1912178.1260999625
8/23/2016,1912178.1260999625
8/23/2016,1912178.1260999625
8/23/2016,1912178.1260999625
8/23/2016,1912178.1260999625
8/23/2016,1912178.1260999625
8/23/2016,1912178.1260999625
8/23/2016,1912178.1260999625
8/23/2016,1912178.1260999625
8/23/2016,1912178.1260999625
8/23/2016,1912178.1260999625
8/23/2016,1912178.1260999625
8/23/2016,1912178.1260999625
8/23/2016,1912178.1260999625
8/23/2016,1912178.1260999625
8/23/2016,1912178.1260999625
8/23/2017,1916768.4700999623
8/23/2017,1916768.4700999623
8/23/2017,1916768.4700999623
8/23/2017,1916768.4700999623
8/23/2017,1916768.4700999623
8/24/2014,1916828.2100999623
8/24/2014,1916828.2100999623
8/24/2014,1916828.2100999623
8/24/2014,1916828.2100999623
8/24/2015,1924022.9850999622
8/24/2015,1924022.9850999622
8/24/2015,1924022.9850999622
8/24/2015,1924022.9850999622
8/24/2015,1924022.9850999622
8/24/2015,1924022.9850999622
8/24/2015,1924022.9850999622
8/24/2015,1924022.9850999622
8/24/2015,1924022.9850999622
8/24/2015,1924022.9850999622
8/24/2015,1924022.9850999622
8/24/2015,1924022.9850999622
8/24/2015,1924022.9850999622
8/24/2015,1924022.9850999622
8/24/2017,1924708.0410999623
8/24/2017,1924708.0410999623
8/24/2017,1924708.0410999623
8/24/2017,1924708.0410999623
8/25/2014,1926159.691099962
8/25/2014,1926159.691099962
8/25/2014,1926159.691099962
8/25/2014,1926159.691099962
8/25/2014,1926159.691099962
8/25/2014,1926159.691099962
8/25/2014,1926159.691099962
8/25/2014,1926159.691099962
8/25/2014,1926159.691099962
8/25/2014,1926159.691099962
8/25/2014,1926159.691099962
8/25/2014,1926159.691099962
8/25/2014,1926159.691099962
8/25/2014,1926159.691099962
8/25/2015,1926338.2170999618
8/25/2015,1926338.2170999618
8/25/2015,1926338.2170999618
8/25/2015,1926338.2170999618
8/25/2015,1926338.2170999618
8/25/2017,1926700.2050999617
8/25/2017,1926700.2050999617
8/25/2017,1926700.2050999617
8/25/2017,1926700.2050999617
8/25/2017,1926700.2050999617
8/26/2014,1927067.0150999615
8/26/2014,1927067.0150999615
8/26/2014,1927067.0150999615
8/26/2014,1927067.0150999615
8/26/2014,1927067.0150999615
8/26/2014,1927067.0150999615
8/26/2016,1931941.3130999613
8/26/2016,1931941.3130999613
8/26/2016,1931941.3130999613
8/26/2016,1931941.3130999613
8/26/2016,1931941.3130999613
8/26/2016,1931941.3130999613
8/26/2016,1931941.3130999613
8/26/2016,1931941.3130999613
8/26/2016,1931941.3130999613
8/26/2016,1931941.3130999613
8/26/2016,1931941.3130999613
8/26/2016,1931941.3130999613
8/26/2016,1931941.3130999613
8/26/2016,1931941.3130999613
8/26/2016,1931941.3130999613
8/26/2016,1931941.3130999613
8/26/2016,1931941.3130999613
8/26/2016,1931941.3130999613
8/26/2016,1931941.3130999613
8/26/2016,1931941.3130999613
8/26/2017,1932131.9730999612
8/26/2017,1932131.9730999612
8/26/2017,1932131.9730999612
8/27/2014,1934202.1030999613
8/27/2014,1934202.1030999613
8/27/2014,1934202.1030999613
8/27/2014,1934202.1030999613
8/27/2014,1934202.1030999613
8/27/2014,1934202.1030999613
8/27/2014,1934202.1030999613
8/27/2015,1934842.0770999612
8/27/2015,1934842.0770999612
8/27/2015,1934842.0770999612
8/27/2015,1934842.0770999612
8/27/2015,1934842.0770999612
8/27/2016,1935609.988099961
8/27/2016,1935609.988099961
8/27/2016,1935609.988099961
8/27/2016,1935609.988099961
8/27/2016,1935609.988099961
8/27/2016,1935609.988099961
8/27/2016,1935609.988099961
8/27/2016,1935609.988099961
8/27/2016,1935609.988099961
8/27/2016,1935609.988099961
8/27/2016,1935609.988099961
8/27/2016,1935609.988099961
8/27/2016,1935609.988099961
8/27/2017,1941800.5260999606
8/27/2017,1941800.5260999606
8/27/2017,1941800.5260999606
8/27/2017,1941800.5260999606
8/27/2017,1941800.5260999606
8/27/2017,1941800.5260999606
8/27/2017,1941800.5260999606
8/27/2017,1941800.5260999606
8/27/2017,1941800.5260999606
8/27/2017,1941800.5260999606
8/27/2017,1941800.5260999606
8/27/2017,1941800.5260999606
8/27/2017,1941800.5260999606
8/27/2017,1941800.5260999606
8/27/2017,1941800.5260999606
8/27/2017,1941800.5260999606
8/27/2017,1941800.5260999606
8/27/2017,1941800.5260999606
8/27/2017,1941800.5260999606
8/28/2015,1948291.8190999606
8/28/2015,1948291.8190999606
8/28/2015,1948291.8190999606
8/28/2015,1948291.8190999606
8/28/2015,1948291.8190999606
8/28/2015,1948291.8190999606
8/28/2015,1948291.8190999606
8/28/2015,1948291.8190999606
8/28/2015,1948291.8190999606
8/28/2015,1948291.8190999606
8/28/2016,1948613.8438999604
8/28/2016,1948613.8438999604
8/28/2016,1948613.8438999604
8/28/2016,1948613.8438999604
8/28/2016,1948613.8438999604
8/28/2016,1948613.8438999604
8/28/2017,1950057.4758999606
8/28/2017,1950057.4758999606
8/28/2017,1950057.4758999606
8/28/2017,1950057.4758999606
8/28/2017,1950057.4758999606
8/28/2017,1950057.4758999606
8/28/2017,1950057.4758999606
8/28/2017,1950057.4758999606
8/29/2014,1950889.7983999606
8/29/2014,1950889.7983999606
8/29/2014,1950889.7983999606
8/29/2014,1950889.7983999606
8/29/2014,1950889.7983999606
8/29/2015,1951136.2983999606
8/29/2015,1951136.2983999606
8/29/2016,1951768.4863999605
8/29/2016,1951768.4863999605
8/29/2016,1951768.4863999605
8/29/2016,1951768.4863999605
8/29/2016,1951768.4863999605
8/29/2016,1951768.4863999605
8/29/2016,1951768.4863999605
8/29/2016,1951768.4863999605
8/29/2016,1951768.4863999605
8/29/2017,1952003.9543999606
8/29/2017,1952003.9543999606
8/29/2017,1952003.9543999606
8/29/2017,1952003.9543999606
8/29/2017,1952003.9543999606
8/3/2014,1952481.9483999608
8/3/2014,1952481.9483999608
8/3/2014,1952481.9483999608
8/3/2014,1952481.9483999608
8/3/2014,1952481.9483999608
8/3/2014,1952481.9483999608
8/3/2016,1952730.7683999608
8/3/2016,1952730.7683999608
8/3/2017,1953262.116399961
8/3/2017,1953262.116399961
8/3/2017,1953262.116399961
8/3/2017,1953262.116399961
8/3/2017,1953262.116399961
8/3/2017,1953262.116399961
8/3/2017,1953262.116399961
8/30/2014,1953383.356399961
8/30/2014,1953383.356399961
8/30/2016,1955040.226399961
8/30/2016,1955040.226399961
8/30/2016,1955040.226399961
8/30/2016,1955040.226399961
8/30/2016,1955040.226399961
8/30/2016,1955040.226399961
8/30/2016,1955040.226399961
8/31/2014,1955132.746399961
8/31/2015,1957734.543399961
8/31/2015,1957734.543399961
8/31/2015,1957734.543399961
8/31/2015,1957734.543399961
8/31/2015,1957734.543399961
8/31/2015,1957734.543399961
8/31/2015,1957734.543399961
8/31/2016,1957758.511399961
8/31/2017,1960921.341399961
8/31/2017,1960921.341399961
8/31/2017,1960921.341399961
8/31/2017,1960921.341399961
8/31/2017,1960921.341399961
8/31/2017,1960921.341399961
8/31/2017,1960921.341399961
8/31/2017,1960921.341399961
8/31/2017,1960921.341399961
8/31/2017,1960921.341399961
8/31/2017,1960921.341399961
8/4/2014,1963664.4953999605
8/4/2014,1963664.4953999605
8/4/2014,1963664.4953999605
8/4/2014,1963664.4953999605
8/4/2014,1963664.4953999605
8/4/2014,1963664.4953999605
8/4/2014,1963664.4953999605
8/4/2014,1963664.4953999605
8/4/2014,1963664.4953999605
8/4/2016,1964162.4053999607
8/4/2016,1964162.4053999607
8/4/2016,1964162.4053999607
8/4/2016,1964162.4053999607
8/4/2016,1964162.4053999607
8/4/2016,1964162.4053999607
8/4/2016,1964162.4053999607
8/4/2016,1964162.4053999607
8/4/2017,1964182.4753999608
8/4/2017,1964182.4753999608
8/4/2017,1964182.4753999608
8/5/2014,1966591.199399961
8/5/2014,1966591.199399961
8/5/2014,1966591.199399961
8/5/2014,1966591.199399961
8/5/2014,1966591.199399961
8/5/2014,1966591.199399961
8/5/2014,1966591.199399961
8/5/2014,1966591.199399961
8/5/2014,1966591.199399961
8/5/2014,1966591.199399961
8/5/2014,1966591.199399961
8/5/2014,1966591.199399961
8/5/2015,1966663.8493999608
8/5/2015,1966663.8493999608
8/5/2015,1966663.8493999608
8/5/2015,1966663.8493999608
8/5/2016,1966860.8993999609
8/5/2017,1967364.5753999609
8/5/2017,1967364.5753999609
8/5/2017,1967364.5753999609
8/5/2017,1967364.5753999609
8/5/2017,1967364.5753999609
8/6/2014,1967627.4653999608
8/6/2014,1967627.4653999608
8/6/2015,1968122.3345999606
8/6/2015,1968122.3345999606
8/6/2015,1968122.3345999606
8/6/2015,1968122.3345999606
8/6/2015,1968122.3345999606
8/6/2016,1968442.7225999606
8/6/2016,1968442.7225999606
8/6/2016,1968442.7225999606
8/6/2017,1969866.7485999605
8/6/2017,1969866.7485999605
8/6/2017,1969866.7485999605
8/6/2017,1969866.7485999605
8/6/2017,1969866.7485999605
8/6/2017,1969866.7485999605
8/6/2017,1969866.7485999605
8/7/2015,1970834.9545999605
8/7/2015,1970834.9545999605
8/7/2015,1970834.9545999605
8/7/2015,1970834.9545999605
8/7/2015,1970834.9545999605
8/7/2015,1970834.9545999605
8/7/2015,1970834.9545999605
8/7/2015,1970834.9545999605
8/7/2016,1971014.9245999604
8/7/2017,1974494.5485999605
8/7/2017,1974494.5485999605
8/7/2017,1974494.5485999605
8/7/2017,1974494.5485999605
8/7/2017,1974494.5485999605
8/7/2017,1974494.5485999605
8/7/2017,1974494.5485999605
8/7/2017,1974494.5485999605
8/7/2017,1974494.5485999605
8/7/2017,1974494.5485999605
8/7/2017,1974494.5485999605
8/7/2017,1974494.5485999605
8/7/2017,1974494.5485999605
8/7/2017,1974494.5485999605
8/7/2017,1974494.5485999605
8/7/2017,1974494.5485999605
8/7/2017,1974494.5485999605
8/8/2014,1978450.1775999605
8/8/2014,1978450.1775999605
8/8/2014,1978450.1775999605
8/8/2014,1978450.1775999605
8/8/2014,1978450.1775999605
8/8/2014,1978450.1775999605
8/8/2014,1978450.1775999605
8/8/2014,1978450.1775999605
8/8/2014,1978450.1775999605
8/8/2014,1978450.1775999605
8/8/2014,1978450.1775999605
8/8/2014,1978450.1775999605
8/8/2014,1978450.1775999605
8/8/2015,1979290.2795999604
8/8/2015,1979290.2795999604
8/8/2015,1979290.2795999604
8/8/2015,1979290.2795999604
8/8/2015,1979290.2795999604
8/8/2015,1979290.2795999604
8/8/2015,1979290.2795999604
8/8/2016,1980405.4835999606
8/8/2016,1980405.4835999606
8/8/2016,1980405.4835999606
8/8/2016,1980405.4835999606
8/8/2016,1980405.4835999606
8/8/2016,1980405.4835999606
8/8/2016,1980405.4835999606
8/9/2014,1984011.1685999604
8/9/2014,1984011.1685999604
8/9/2014,1984011.1685999604
8/9/2014,1984011.1685999604
8/9/2014,1984011.1685999604
8/9/2014,1984011.1685999604
8/9/2014,1984011.1685999604
8/9/2014,1984011.1685999604
8/9/2014,1984011.1685999604
8/9/2015,1988889.5605999602
8/9/2015,1988889.5605999602
8/9/2015,1988889.5605999602
8/9/2015,1988889.5605999602
8/9/2015,1988889.5605999602
8/9/2015,1988889.5605999602
8/9/2015,1988889.5605999602
8/9/2015,1988889.5605999602
8/9/2015,1988889.5605999602
8/9/2015,1988889.5605999602
8/9/2015,1988889.5605999602
8/9/2015,1988889.5605999602
8/9/2015,1988889.5605999602
8/9/2015,1988889.5605999602
8/9/2015,1988889.5605999602
8/9/2015,1988889.5605999602
8/9/2015,1988889.5605999602
8/9/2016,1989550.9145999602
8/9/2016,1989550.9145999602
8/9/2016,1989550.9145999602
8/9/2016,1989550.9145999602
8/9/2016,1989550.9145999602
9/1/2014,1990020.3505999602
9/1/2014,1990020.3505999602
9/1/2014,1990020.3505999602
9/1/2014,1990020.3505999602
9/1/2014,1990020.3505999602
9/1/2015,1992387.9145999604
9/1/2015,1992387.9145999604
9/1/2015,1992387.9145999604
9/1/2015,1992387.9145999604
9/1/2015,1992387.9145999604
9/1/2015,1992387.9145999604
9/1/2015,1992387.9145999604
9/1/2016,1998154.0665999604
9/1/2016,1998154.0665999604
9/1/2016,1998154.0665999604
9/1/2016,1998154.0665999604
9/1/2016,1998154.0665999604
9/1/2016,1998154.0665999604
9/1/2016,1998154.0665999604
9/1/2016,1998154.0665999604
9/1/2016,1998154.0665999604
9/1/2016,1998154.0665999604
9/1/2016,1998154.0665999604
9/1/2016,1998154.0665999604
9/1/2016,1998154.0665999604
9/1/2016,1998154.0665999604
9/1/2016,1998154.0665999604
9/1/2016,1998154.0665999604
9/1/2016,1998154.0665999604
9/1/2016,1998154.0665999604
9/1/2016,1998154.0665999604
9/1/2016,1998154.0665999604
9/1/2017,1999415.8765999605
9/1/2017,1999415.8765999605
9/1/2017,1999415.8765999605
9/1/2017,1999415.8765999605
9/1/2017,1999415.8765999605
9/1/2017,1999415.8765999605
9/1/2017,1999415.8765999605
9/10/2014,2001271.1045999601
9/10/2014,2001271.1045999601
9/10/2014,2001271.1045999601
9/10/2014,2001271.1045999601
9/10/2014,2001271.1045999601
9/10/2015,2002686.83059996
9/10/2015,2002686.83059996
9/10/2015,2002686.83059996
9/10/2015,2002686.83059996
9/10/2015,2002686.83059996
9/10/2015,2002686.83059996
9/10/2015,2002686.83059996
9/10/2015,2002686.83059996
9/10/2015,2002686.83059996
9/10/2016,2004781.1545999597
9/10/2016,2004781.1545999597
9/10/2016,2004781.1545999597
9/10/2016,2004781.1545999597
9/10/2016,2004781.1545999597
9/10/2016,2004781.1545999597
9/10/2016,2004781.1545999597
9/10/2016,2004781.1545999597
9/10/2016,2004781.1545999597
9/10/2016,2004781.1545999597
9/10/2016,2004781.1545999597
9/10/2017,2007287.8005999597
9/10/2017,2007287.8005999597
9/10/2017,2007287.8005999597
9/10/2017,2007287.8005999597
9/10/2017,2007287.8005999597
9/10/2017,2007287.8005999597
9/10/2017,2007287.8005999597
9/10/2017,2007287.8005999597
9/10/2017,2007287.8005999597
9/10/2017,2007287.8005999597
9/10/2017,2007287.8005999597
9/10/2017,2007287.8005999597
9/10/2017,2007287.8005999597
9/10/2017,2007287.8005999597
9/10/2017,2007287.8005999597
9/10/2017,2007287.8005999597
9/10/2017,2007287.8005999597
9/10/2017,2007287.8005999597
9/11/2014,2007415.7505999596
9/11/2015,2009377.8805999595
9/11/2015,2009377.8805999595
9/11/2015,2009377.8805999595
9/11/2015,2009377.8805999595
9/11/2015,2009377.8805999595
9/11/2015,2009377.8805999595
9/11/2015,2009377.8805999595
9/11/2015,2009377.8805999595
9/11/2015,2009377.8805999595
9/11/2015,2009377.8805999595
9/11/2015,2009377.8805999595
9/11/2015,2009377.8805999595
9/11/2015,2009377.8805999595
9/11/2016,2015879.4665999599
9/11/2016,2015879.4665999599
9/11/2016,2015879.4665999599
9/11/2016,2015879.4665999599
9/11/2016,2015879.4665999599
9/11/2016,2015879.4665999599
9/11/2016,2015879.4665999599
9/11/2016,2015879.4665999599
9/11/2016,2015879.4665999599
9/11/2016,2015879.4665999599
9/11/2016,2015879.4665999599
9/11/2016,2015879.4665999599
9/11/2016,2015879.4665999599
9/11/2016,2015879.4665999599
9/11/2016,2015879.4665999599
9/11/2016,2015879.4665999599
9/11/2016,2015879.4665999599
9/11/2017,2021443.4725999597
9/11/2017,2021443.4725999597
9/11/2017,2021443.4725999597
9/11/2017,2021443.4725999597
9/11/2017,2021443.4725999597
9/11/2017,2021443.4725999597
9/11/2017,2021443.4725999597
9/11/2017,2021443.4725999597
9/11/2017,2021443.4725999597
9/11/2017,2021443.4725999597
9/11/2017,2021443.4725999597
9/11/2017,2021443.4725999597
9/11/2017,2021443.4725999597
9/11/2017,2021443.4725999597
9/11/2017,2021443.4725999597
9/11/2017,2021443.4725999597
9/11/2017,2021443.4725999597
9/11/2017,2021443.4725999597
9/11/2017,2021443.4725999597
9/11/2017,2021443.4725999597
9/11/2017,2021443.4725999597
9/11/2017,2021443.4725999597
9/12/2014,2026348.1325999596
9/12/2014,2026348.1325999596
9/12/2014,2026348.1325999596
9/12/2014,2026348.1325999596
9/12/2014,2026348.1325999596
9/12/2014,2026348.1325999596
9/12/2014,2026348.1325999596
9/12/2014,2026348.1325999596
9/12/2014,2026348.1325999596
9/12/2014,2026348.1325999596
9/12/2014,2026348.1325999596
9/12/2015,2027055.9565999594
9/12/2015,2027055.9565999594
9/12/2015,2027055.9565999594
9/12/2015,2027055.9565999594
9/12/2015,2027055.9565999594
9/12/2015,2027055.9565999594
9/12/2015,2027055.9565999594
9/12/2015,2027055.9565999594
9/12/2015,2027055.9565999594
9/12/2016,2029099.7485999593
9/12/2016,2029099.7485999593
9/12/2016,2029099.7485999593
9/12/2016,2029099.7485999593
9/12/2016,2029099.7485999593
9/12/2016,2029099.7485999593
9/12/2016,2029099.7485999593
9/12/2016,2029099.7485999593
9/12/2016,2029099.7485999593
9/12/2016,2029099.7485999593
9/12/2016,2029099.7485999593
9/12/2016,2029099.7485999593
9/12/2016,2029099.7485999593
9/12/2016,2029099.7485999593
9/12/2016,2029099.7485999593
9/12/2017,2029591.2985999596
9/12/2017,2029591.2985999596
9/12/2017,2029591.2985999596
9/12/2017,2029591.2985999596
9/12/2017,2029591.2985999596
9/12/2017,2029591.2985999596
9/12/2017,2029591.2985999596
9/13/2014,2030866.7065999592
9/13/2014,2030866.7065999592
9/13/2014,2030866.7065999592
9/13/2014,2030866.7065999592
9/13/2014,2030866.7065999592
9/13/2014,2030866.7065999592
9/13/2014,2030866.7065999592
9/13/2014,2030866.7065999592
9/13/2014,2030866.7065999592
9/13/2014,2030866.7065999592
9/13/2014,2030866.7065999592
9/13/2014,2030866.7065999592
9/13/2014,2030866.7065999592
9/13/2014,2030866.7065999592
9/13/2014,2030866.7065999592
9/13/2015,2034312.4785999586
9/13/2015,2034312.4785999586
9/13/2015,2034312.4785999586
9/13/2015,2034312.4785999586
9/13/2015,2034312.4785999586
9/13/2015,2034312.4785999586
9/13/2015,2034312.4785999586
9/13/2015,2034312.4785999586
9/13/2015,2034312.4785999586
9/13/2015,2034312.4785999586
9/13/2015,2034312.4785999586
9/13/2015,2034312.4785999586
9/13/2015,2034312.4785999586
9/13/2015,2034312.4785999586
9/13/2016,2036687.2085999583
9/13/2016,2036687.2085999583
9/13/2016,2036687.2085999583
9/13/2016,2036687.2085999583
9/13/2016,2036687.2085999583
9/13/2016,2036687.2085999583
9/13/2016,2036687.2085999583
9/13/2016,2036687.2085999583
9/13/2016,2036687.2085999583
9/13/2016,2036687.2085999583
9/13/2017,2036703.1285999583
9/14/2014,2041726.8445999578
9/14/2014,2041726.8445999578
9/14/2014,2041726.8445999578
9/14/2014,2041726.8445999578
9/14/2014,2041726.8445999578
9/14/2014,2041726.8445999578
9/14/2014,2041726.8445999578
9/14/2014,2041726.8445999578
9/14/2014,2041726.8445999578
9/14/2014,2041726.8445999578
9/14/2014,2041726.8445999578
9/14/2014,2041726.8445999578
9/14/2014,2041726.8445999578
9/14/2014,2041726.8445999578
9/14/2014,2041726.8445999578
9/14/2014,2041726.8445999578
9/14/2014,2041726.8445999578
9/14/2014,2041726.8445999578
9/14/2014,2041726.8445999578
9/14/2015,2044989.2645999575
9/14/2015,2044989.2645999575
9/14/2015,2044989.2645999575
9/14/2015,2044989.2645999575
9/14/2015,2044989.2645999575
9/14/2015,2044989.2645999575
9/14/2015,2044989.2645999575
9/14/2016,2046126.6025999575
9/14/2016,2046126.6025999575
9/14/2016,2046126.6025999575
9/14/2017,2050493.949599957
9/14/2017,2050493.949599957
9/14/2017,2050493.949599957
9/14/2017,2050493.949599957
9/14/2017,2050493.949599957
9/14/2017,2050493.949599957
9/14/2017,2050493.949599957
9/14/2017,2050493.949599957
9/14/2017,2050493.949599957
9/14/2017,2050493.949599957
9/14/2017,2050493.949599957
9/14/2017,2050493.949599957
9/14/2017,2050493.949599957
9/14/2017,2050493.949599957
9/14/2017,2050493.949599957
9/14/2017,2050493.949599957
9/14/2017,2050493.949599957
9/14/2017,2050493.949599957
9/15/2014,2050627.385599957
9/15/2014,2050627.385599957
9/15/2014,2050627.385599957
9/15/2015,2053163.2355999572
9/15/2015,2053163.2355999572
9/15/2015,2053163.2355999572
9/15/2015,2053163.2355999572
9/15/2015,2053163.2355999572
9/15/2015,2053163.2355999572
9/15/2015,2053163.2355999572
9/15/2015,2053163.2355999572
9/15/2015,2053163.2355999572
9/15/2015,2053163.2355999572
9/15/2015,2053163.2355999572
9/15/2015,2053163.2355999572
9/15/2015,2053163.2355999572
9/15/2015,2053163.2355999572
9/15/2016,2055264.417599957
9/15/2016,2055264.417599957
9/15/2016,2055264.417599957
9/15/2016,2055264.417599957
9/15/2016,2055264.417599957
9/15/2016,2055264.417599957
9/15/2016,2055264.417599957
9/15/2017,2062549.4435999568
9/15/2017,2062549.4435999568
9/15/2017,2062549.4435999568
9/15/2017,2062549.4435999568
9/15/2017,2062549.4435999568
9/15/2017,2062549.4435999568
9/15/2017,2062549.4435999568
9/15/2017,2062549.4435999568
9/15/2017,2062549.4435999568
9/15/2017,2062549.4435999568
9/15/2017,2062549.4435999568
9/15/2017,2062549.4435999568
9/15/2017,2062549.4435999568
9/15/2017,2062549.4435999568
9/15/2017,2062549.4435999568
9/15/2017,2062549.4435999568
9/15/2017,2062549.4435999568
9/15/2017,2062549.4435999568
9/15/2017,2062549.4435999568
9/15/2017,2062549.4435999568
9/15/2017,2062549.4435999568
9/15/2017,2062549.4435999568
9/15/2017,2062549.4435999568
9/15/2017,2062549.4435999568
9/15/2017,2062549.4435999568
9/15/2017,2062549.4435999568
9/16/2014,2062582.9955999567
9/16/2015,2062614.1155999568
9/16/2016,2063040.0015999568
9/16/2016,2063040.0015999568
9/16/2016,2063040.0015999568
9/16/2016,2063040.0015999568
9/16/2017,2063889.6515999567
9/16/2017,2063889.6515999567
9/16/2017,2063889.6515999567
9/16/2017,2063889.6515999567
9/16/2017,2063889.6515999567
9/16/2017,2063889.6515999567
9/16/2017,2063889.6515999567
9/16/2017,2063889.6515999567
9/16/2017,2063889.6515999567
9/16/2017,2063889.6515999567
9/16/2017,2063889.6515999567
9/16/2017,2063889.6515999567
9/16/2017,2063889.6515999567
9/17/2014,2064710.1745999565
9/17/2014,2064710.1745999565
9/17/2014,2064710.1745999565
9/17/2014,2064710.1745999565
9/17/2014,2064710.1745999565
9/17/2014,2064710.1745999565
9/17/2014,2064710.1745999565
9/17/2014,2064710.1745999565
9/17/2014,2064710.1745999565
9/17/2014,2064710.1745999565
9/17/2014,2064710.1745999565
9/17/2014,2064710.1745999565
9/17/2014,2064710.1745999565
9/17/2014,2064710.1745999565
9/17/2015,2076235.1805999558
9/17/2015,2076235.1805999558
9/17/2015,2076235.1805999558
9/17/2015,2076235.1805999558
9/17/2015,2076235.1805999558
9/17/2015,2076235.1805999558
9/17/2015,2076235.1805999558
9/17/2015,2076235.1805999558
9/17/2015,2076235.1805999558
9/17/2015,2076235.1805999558
9/17/2015,2076235.1805999558
9/17/2015,2076235.1805999558
9/17/2015,2076235.1805999558
9/17/2015,2076235.1805999558
9/17/2015,2076235.1805999558
9/17/2015,2076235.1805999558
9/17/2015,2076235.1805999558
9/17/2015,2076235.1805999558
9/17/2015,2076235.1805999558
9/17/2015,2076235.1805999558
9/17/2015,2076235.1805999558
9/17/2015,2076235.1805999558
9/17/2015,2076235.1805999558
9/17/2016,2078278.306599956
9/17/2016,2078278.306599956
9/17/2016,2078278.306599956
9/17/2016,2078278.306599956
9/17/2016,2078278.306599956
9/17/2016,2078278.306599956
9/17/2016,2078278.306599956
9/17/2016,2078278.306599956
9/17/2016,2078278.306599956
9/17/2016,2078278.306599956
9/17/2016,2078278.306599956
9/17/2016,2078278.306599956
9/17/2016,2078278.306599956
9/17/2016,2078278.306599956
9/17/2017,2083257.5325999558
9/17/2017,2083257.5325999558
9/17/2017,2083257.5325999558
9/17/2017,2083257.5325999558
9/17/2017,2083257.5325999558
9/17/2017,2083257.5325999558
9/17/2017,2083257.5325999558
9/17/2017,2083257.5325999558
9/17/2017,2083257.5325999558
9/17/2017,2083257.5325999558
9/17/2017,2083257.5325999558
9/17/2017,2083257.5325999558
9/17/2017,2083257.5325999558
9/17/2017,2083257.5325999558
9/17/2017,2083257.5325999558
9/17/2017,2083257.5325999558
9/17/2017,2083257.5325999558
9/18/2015,2087181.8525999556
9/18/2015,2087181.8525999556
9/18/2015,2087181.8525999556
9/18/2015,2087181.8525999556
9/18/2015,2087181.8525999556
9/18/2015,2087181.8525999556
9/18/2015,2087181.8525999556
9/18/2015,2087181.8525999556
9/18/2015,2087181.8525999556
9/18/2015,2087181.8525999556
9/18/2015,2087181.8525999556
9/18/2015,2087181.8525999556
9/18/2015,2087181.8525999556
9/18/2015,2087181.8525999556
9/18/2016,2091932.9345999553
9/18/2016,2091932.9345999553
9/18/2016,2091932.9345999553
9/18/2016,2091932.9345999553
9/18/2016,2091932.9345999553
9/18/2016,2091932.9345999553
9/18/2016,2091932.9345999553
9/18/2016,2091932.9345999553
9/18/2016,2091932.9345999553
9/18/2016,2091932.9345999553
9/18/2016,2091932.9345999553
9/18/2016,2091932.9345999553
9/18/2016,2091932.9345999553
9/18/2016,2091932.9345999553
9/18/2016,2091932.9345999553
9/18/2017,2093444.8645999555
9/18/2017,2093444.8645999555
9/18/2017,2093444.8645999555
9/18/2017,2093444.8645999555
9/18/2017,2093444.8645999555
9/18/2017,2093444.8645999555
9/18/2017,2093444.8645999555
9/18/2017,2093444.8645999555
9/18/2017,2093444.8645999555
9/18/2017,2093444.8645999555
9/18/2017,2093444.8645999555
9/18/2017,2093444.8645999555
9/18/2017,2093444.8645999555
9/18/2017,2093444.8645999555
9/18/2017,2093444.8645999555
9/18/2017,2093444.8645999555
9/18/2017,2093444.8645999555
9/18/2017,2093444.8645999555
9/18/2017,2093444.8645999555
9/18/2017,2093444.8645999555
9/19/2014,2102783.501599956
9/19/2014,2102783.501599956
9/19/2014,2102783.501599956
9/19/2014,2102783.501599956
9/19/2014,2102783.501599956
9/19/2014,2102783.501599956
9/19/2014,2102783.501599956
9/19/2014,2102783.501599956
9/19/2014,2102783.501599956
9/19/2015,2103283.8815999553
9/19/2015,2103283.8815999553
9/19/2015,2103283.8815999553
9/19/2015,2103283.8815999553
9/19/2015,2103283.8815999553
9/19/2015,2103283.8815999553
9/19/2016,2107123.1935999556
9/19/2016,2107123.1935999556
9/19/2016,2107123.1935999556
9/19/2016,2107123.1935999556
9/19/2016,2107123.1935999556
9/19/2016,2107123.1935999556
9/19/2016,2107123.1935999556
9/19/2016,2107123.1935999556
9/19/2016,2107123.1935999556
9/19/2016,2107123.1935999556
9/19/2016,2107123.1935999556
9/19/2016,2107123.1935999556
9/19/2016,2107123.1935999556
9/19/2016,2107123.1935999556
9/19/2016,2107123.1935999556
9/19/2016,2107123.1935999556
9/19/2017,2108771.3815999553
9/19/2017,2108771.3815999553
9/19/2017,2108771.3815999553
9/19/2017,2108771.3815999553
9/19/2017,2108771.3815999553
9/19/2017,2108771.3815999553
9/19/2017,2108771.3815999553
9/19/2017,2108771.3815999553
9/19/2017,2108771.3815999553
9/19/2017,2108771.3815999553
9/19/2017,2108771.3815999553
9/19/2017,2108771.3815999553
9/19/2017,2108771.3815999553
9/19/2017,2108771.3815999553
9/19/2017,2108771.3815999553
9/2/2014,2112025.531599955
9/2/2014,2112025.531599955
9/2/2014,2112025.531599955
9/2/2014,2112025.531599955
9/2/2014,2112025.531599955
9/2/2014,2112025.531599955
9/2/2014,2112025.531599955
9/2/2014,2112025.531599955
9/2/2014,2112025.531599955
9/2/2016,2118817.7245999547
9/2/2016,2118817.7245999547
9/2/2016,2118817.7245999547
9/2/2016,2118817.7245999547
9/2/2016,2118817.7245999547
9/2/2016,2118817.7245999547
9/2/2016,2118817.7245999547
9/2/2016,2118817.7245999547
9/2/2016,2118817.7245999547
9/2/2016,2118817.7245999547
9/2/2016,2118817.7245999547
9/2/2016,2118817.7245999547
9/2/2016,2118817.7245999547
9/2/2016,2118817.7245999547
9/2/2016,2118817.7245999547
9/2/2016,2118817.7245999547
9/2/2016,2118817.7245999547
9/2/2016,2118817.7245999547
9/2/2016,2118817.7245999547
9/2/2016,2118817.7245999547
9/2/2016,2118817.7245999547
9/2/2016,2118817.7245999547
9/2/2016,2118817.7245999547
9/2/2016,2118817.7245999547
9/2/2016,2118817.7245999547
9/2/2016,2118817.7245999547
9/2/2017,2128172.578599954
9/2/2017,2128172.578599954
9/2/2017,2128172.578599954
9/2/2017,2128172.578599954
9/2/2017,2128172.578599954
9/2/2017,2128172.578599954
9/2/2017,2128172.578599954
9/2/2017,2128172.578599954
9/2/2017,2128172.578599954
9/2/2017,2128172.578599954
9/2/2017,2128172.578599954
9/2/2017,2128172.578599954
9/2/2017,2128172.578599954
9/2/2017,2128172.578599954
9/2/2017,2128172.578599954
9/2/2017,2128172.578599954
9/2/2017,2128172.578599954
9/2/2017,2128172.578599954
9/2/2017,2128172.578599954
9/2/2017,2128172.578599954
9/2/2017,2128172.578599954
9/2/2017,2128172.578599954
9/2/2017,2128172.578599954
9/2/2017,2128172.578599954
9/2/2017,2128172.578599954
9/2/2017,2128172.578599954
9/2/2017,2128172.578599954
9/2/2017,2128172.578599954
9/2/2017,2128172.578599954
9/2/2017,2128172.578599954
9/2/2017,2128172.578599954
9/2/2017,2128172.578599954
9/2/2017,2128172.578599954
9/2/2017,2128172.578599954
9/2/2017,2128172.578599954
9/2/2017,2128172.578599954
9/20/2014,2133508.5465999553
9/20/2014,2133508.5465999553
9/20/2014,2133508.5465999553
9/20/2014,2133508.5465999553
9/20/2014,2133508.5465999553
9/20/2014,2133508.5465999553
9/20/2014,2133508.5465999553
9/20/2014,2133508.5465999553
9/20/2014,2133508.5465999553
9/20/2014,2133508.5465999553
9/20/2014,2133508.5465999553
9/20/2014,2133508.5465999553
9/20/2014,2133508.5465999553
9/20/2014,2133508.5465999553
9/20/2014,2133508.5465999553
9/20/2014,2133508.5465999553
9/20/2014,2133508.5465999553
9/20/2014,2133508.5465999553
9/20/2015,2135344.598599955
9/20/2015,2135344.598599955
9/20/2015,2135344.598599955
9/20/2015,2135344.598599955
9/20/2015,2135344.598599955
9/20/2015,2135344.598599955
9/20/2015,2135344.598599955
9/20/2016,2136576.602599955
9/20/2016,2136576.602599955
9/20/2016,2136576.602599955
9/20/2016,2136576.602599955
9/20/2016,2136576.602599955
9/20/2016,2136576.602599955
9/20/2016,2136576.602599955
9/20/2016,2136576.602599955
9/20/2016,2136576.602599955
9/20/2016,2136576.602599955
9/20/2017,2143936.520599955
9/20/2017,2143936.520599955
9/20/2017,2143936.520599955
9/20/2017,2143936.520599955
9/20/2017,2143936.520599955
9/20/2017,2143936.520599955
9/20/2017,2143936.520599955
9/20/2017,2143936.520599955
9/20/2017,2143936.520599955
9/20/2017,2143936.520599955
9/20/2017,2143936.520599955
9/20/2017,2143936.520599955
9/20/2017,2143936.520599955
9/20/2017,2143936.520599955
9/21/2014,2146616.172599956
9/21/2014,2146616.172599956
9/21/2014,2146616.172599956
9/21/2014,2146616.172599956
9/21/2014,2146616.172599956
9/21/2014,2146616.172599956
9/21/2014,2146616.172599956
9/21/2014,2146616.172599956
9/21/2014,2146616.172599956
9/21/2014,2146616.172599956
9/21/2014,2146616.172599956
9/21/2014,2146616.172599956
9/21/2014,2146616.172599956
9/21/2014,2146616.172599956
9/21/2014,2146616.172599956
9/21/2014,2146616.172599956
9/21/2015,2153598.2305999557
9/21/2015,2153598.2305999557
9/21/2015,2153598.2305999557
9/21/2015,2153598.2305999557
9/21/2015,2153598.2305999557
9/21/2015,2153598.2305999557
9/21/2015,2153598.2305999557
9/21/2015,2153598.2305999557
9/21/2015,2153598.2305999557
9/21/2015,2153598.2305999557
9/21/2015,2153598.2305999557
9/21/2015,2153598.2305999557
9/21/2015,2153598.2305999557
9/21/2015,2153598.2305999557
9/21/2015,2153598.2305999557
9/21/2015,2153598.2305999557
9/21/2015,2153598.2305999557
9/21/2015,2153598.2305999557
9/21/2015,2153598.2305999557
9/21/2015,2153598.2305999557
9/21/2017,2153936.4025999554
9/21/2017,2153936.4025999554
9/21/2017,2153936.4025999554
9/21/2017,2153936.4025999554
9/21/2017,2153936.4025999554
9/21/2017,2153936.4025999554
9/21/2017,2153936.4025999554
9/21/2017,2153936.4025999554
9/22/2014,2155176.6685999557
9/22/2014,2155176.6685999557
9/22/2014,2155176.6685999557
9/22/2014,2155176.6685999557
9/22/2014,2155176.6685999557
9/22/2014,2155176.6685999557
9/22/2014,2155176.6685999557
9/22/2014,2155176.6685999557
9/22/2015,2156960.1725999555
9/22/2015,2156960.1725999555
9/22/2015,2156960.1725999555
9/22/2015,2156960.1725999555
9/22/2015,2156960.1725999555
9/22/2015,2156960.1725999555
9/22/2015,2156960.1725999555
9/22/2015,2156960.1725999555
9/22/2015,2156960.1725999555
9/22/2015,2156960.1725999555
9/22/2015,2156960.1725999555
9/22/2016,2157575.7425999553
9/22/2016,2157575.7425999553
9/22/2016,2157575.7425999553
9/22/2016,2157575.7425999553
9/22/2016,2157575.7425999553
9/22/2016,2157575.7425999553
9/22/2016,2157575.7425999553
9/22/2016,2157575.7425999553
9/22/2016,2157575.7425999553
9/22/2016,2157575.7425999553
9/22/2016,2157575.7425999553
9/22/2016,2157575.7425999553
9/22/2016,2157575.7425999553
9/22/2016,2157575.7425999553
9/22/2017,2165446.9555999557
9/22/2017,2165446.9555999557
9/22/2017,2165446.9555999557
9/22/2017,2165446.9555999557
9/22/2017,2165446.9555999557
9/22/2017,2165446.9555999557
9/22/2017,2165446.9555999557
9/22/2017,2165446.9555999557
9/22/2017,2165446.9555999557
9/22/2017,2165446.9555999557
9/22/2017,2165446.9555999557
9/22/2017,2165446.9555999557
9/22/2017,2165446.9555999557
9/22/2017,2165446.9555999557
9/22/2017,2165446.9555999557
9/22/2017,2165446.9555999557
9/22/2017,2165446.9555999557
9/22/2017,2165446.9555999557
9/22/2017,2165446.9555999557
9/22/2017,2165446.9555999557
9/22/2017,2165446.9555999557
9/22/2017,2165446.9555999557
9/23/2014,2176109.2925999556
9/23/2014,2176109.2925999556
9/23/2014,2176109.2925999556
9/23/2014,2176109.2925999556
9/23/2014,2176109.2925999556
9/23/2014,2176109.2925999556
9/23/2014,2176109.2925999556
9/23/2014,2176109.2925999556
9/23/2014,2176109.2925999556
9/23/2014,2176109.2925999556
9/23/2014,2176109.2925999556
9/23/2014,2176109.2925999556
9/23/2016,2177431.4375999556
9/23/2016,2177431.4375999556
9/23/2016,2177431.4375999556
9/23/2016,2177431.4375999556
9/23/2016,2177431.4375999556
9/23/2016,2177431.4375999556
9/23/2016,2177431.4375999556
9/23/2016,2177431.4375999556
9/23/2016,2177431.4375999556
9/23/2016,2177431.4375999556
9/23/2016,2177431.4375999556
9/23/2016,2177431.4375999556
9/23/2016,2177431.4375999556
9/23/2017,2179827.2235999564
9/23/2017,2179827.2235999564
9/23/2017,2179827.2235999564
9/23/2017,2179827.2235999564
9/23/2017,2179827.2235999564
9/23/2017,2179827.2235999564
9/23/2017,2179827.2235999564
9/23/2017,2179827.2235999564
9/23/2017,2179827.2235999564
9/23/2017,2179827.2235999564
9/23/2017,2179827.2235999564
9/23/2017,2179827.2235999564
9/23/2017,2179827.2235999564
9/23/2017,2179827.2235999564
9/23/2017,2179827.2235999564
9/23/2017,2179827.2235999564
9/23/2017,2179827.2235999564
9/23/2017,2179827.2235999564
9/23/2017,2179827.2235999564
9/23/2017,2179827.2235999564
9/24/2014,2180039.1835999563
9/24/2015,2184259.7775999573
9/24/2015,2184259.7775999573
9/24/2015,2184259.7775999573
9/24/2015,2184259.7775999573
9/24/2015,2184259.7775999573
9/24/2015,2184259.7775999573
9/24/2015,2184259.7775999573
9/24/2015,2184259.7775999573
9/24/2015,2184259.7775999573
9/24/2015,2184259.7775999573
9/24/2015,2184259.7775999573
9/24/2015,2184259.7775999573
9/24/2015,2184259.7775999573
9/24/2015,2184259.7775999573
9/24/2015,2184259.7775999573
9/24/2015,2184259.7775999573
9/24/2015,2184259.7775999573
9/24/2015,2184259.7775999573
9/24/2015,2184259.7775999573
9/24/2016,2186545.8275999576
9/24/2016,2186545.8275999576
9/24/2016,2186545.8275999576
9/24/2016,2186545.8275999576
9/24/2016,2186545.8275999576
9/24/2016,2186545.8275999576
9/24/2016,2186545.8275999576
9/24/2016,2186545.8275999576
9/24/2016,2186545.8275999576
9/24/2016,2186545.8275999576
9/24/2016,2186545.8275999576
9/24/2016,2186545.8275999576
9/24/2017,2192996.289599957
9/24/2017,2192996.289599957
9/24/2017,2192996.289599957
9/24/2017,2192996.289599957
9/24/2017,2192996.289599957
9/24/2017,2192996.289599957
9/24/2017,2192996.289599957
9/24/2017,2192996.289599957
9/24/2017,2192996.289599957
9/24/2017,2192996.289599957
9/24/2017,2192996.289599957
9/24/2017,2192996.289599957
9/24/2017,2192996.289599957
9/24/2017,2192996.289599957
9/24/2017,2192996.289599957
9/24/2017,2192996.289599957
9/24/2017,2192996.289599957
9/24/2017,2192996.289599957
9/24/2017,2192996.289599957
9/24/2017,2192996.289599957
9/24/2017,2192996.289599957
9/24/2017,2192996.289599957
9/24/2017,2192996.289599957
9/24/2017,2192996.289599957
9/24/2017,2192996.289599957
9/25/2014,2193351.178399957
9/25/2014,2193351.178399957
9/25/2014,2193351.178399957
9/25/2014,2193351.178399957
9/25/2014,2193351.178399957
9/25/2015,2196384.935399957
9/25/2015,2196384.935399957
9/25/2015,2196384.935399957
9/25/2015,2196384.935399957
9/25/2015,2196384.935399957
9/25/2015,2196384.935399957
9/25/2015,2196384.935399957
9/25/2015,2196384.935399957
9/25/2015,2196384.935399957
9/25/2015,2196384.935399957
9/25/2015,2196384.935399957
9/25/2015,2196384.935399957
9/25/2015,2196384.935399957
9/25/2015,2196384.935399957
9/25/2015,2196384.935399957
9/25/2015,2196384.935399957
9/25/2015,2196384.935399957
9/25/2015,2196384.935399957
9/25/2015,2196384.935399957
9/25/2015,2196384.935399957
9/25/2015,2196384.935399957
9/25/2016,2199828.026399957
9/25/2016,2199828.026399957
9/25/2016,2199828.026399957
9/25/2016,2199828.026399957
9/25/2016,2199828.026399957
9/25/2016,2199828.026399957
9/25/2016,2199828.026399957
9/25/2016,2199828.026399957
9/25/2016,2199828.026399957
9/25/2016,2199828.026399957
9/25/2016,2199828.026399957
9/25/2016,2199828.026399957
9/25/2016,2199828.026399957
9/25/2016,2199828.026399957
9/25/2016,2199828.026399957
9/25/2016,2199828.026399957
9/25/2016,2199828.026399957
9/25/2016,2199828.026399957
9/25/2016,2199828.026399957
9/25/2016,2199828.026399957
9/25/2017,2201240.2393999575
9/25/2017,2201240.2393999575
9/25/2017,2201240.2393999575
9/25/2017,2201240.2393999575
9/25/2017,2201240.2393999575
9/25/2017,2201240.2393999575
9/25/2017,2201240.2393999575
9/25/2017,2201240.2393999575
9/25/2017,2201240.2393999575
9/25/2017,2201240.2393999575
9/25/2017,2201240.2393999575
9/25/2017,2201240.2393999575
9/25/2017,2201240.2393999575
9/26/2014,2202720.853399958
9/26/2014,2202720.853399958
9/26/2014,2202720.853399958
9/26/2014,2202720.853399958
9/26/2014,2202720.853399958
9/26/2014,2202720.853399958
9/26/2014,2202720.853399958
9/26/2014,2202720.853399958
9/26/2014,2202720.853399958
9/26/2014,2202720.853399958
9/26/2014,2202720.853399958
9/26/2014,2202720.853399958
9/26/2014,2202720.853399958
9/26/2015,2206443.1263999566
9/26/2015,2206443.1263999566
9/26/2015,2206443.1263999566
9/26/2015,2206443.1263999566
9/26/2015,2206443.1263999566
9/26/2015,2206443.1263999566
9/26/2015,2206443.1263999566
9/26/2015,2206443.1263999566
9/26/2015,2206443.1263999566
9/26/2015,2206443.1263999566
9/26/2015,2206443.1263999566
9/26/2015,2206443.1263999566
9/26/2015,2206443.1263999566
9/26/2015,2206443.1263999566
9/26/2015,2206443.1263999566
9/26/2015,2206443.1263999566
9/26/2015,2206443.1263999566
9/26/2015,2206443.1263999566
9/26/2015,2206443.1263999566
9/26/2015,2206443.1263999566
9/26/2016,2209141.2928999565
9/26/2016,2209141.2928999565
9/26/2016,2209141.2928999565
9/26/2016,2209141.2928999565
9/26/2016,2209141.2928999565
9/26/2016,2209141.2928999565
9/26/2016,2209141.2928999565
9/26/2016,2209141.2928999565
9/26/2016,2209141.2928999565
9/26/2016,2209141.2928999565
9/26/2016,2209141.2928999565
9/26/2016,2209141.2928999565
9/26/2016,2209141.2928999565
9/26/2016,2209141.2928999565
9/26/2016,2209141.2928999565
9/26/2016,2209141.2928999565
9/26/2016,2209141.2928999565
9/26/2017,2210627.8688999563
9/26/2017,2210627.8688999563
9/26/2017,2210627.8688999563
9/26/2017,2210627.8688999563
9/26/2017,2210627.8688999563
9/26/2017,2210627.8688999563
9/26/2017,2210627.8688999563
9/27/2014,2211401.3088999563
9/27/2014,2211401.3088999563
9/27/2014,2211401.3088999563
9/27/2015,2213784.266899956
9/27/2015,2213784.266899956
9/27/2015,2213784.266899956
9/27/2015,2213784.266899956
9/27/2015,2213784.266899956
9/27/2015,2213784.266899956
9/27/2015,2213784.266899956
9/27/2015,2213784.266899956
9/27/2015,2213784.266899956
9/27/2015,2213784.266899956
9/27/2016,2215777.252699956
9/27/2016,2215777.252699956
9/27/2016,2215777.252699956
9/27/2016,2215777.252699956
9/27/2016,2215777.252699956
9/28/2014,2216267.5446999557
9/28/2014,2216267.5446999557
9/28/2014,2216267.5446999557
9/28/2014,2216267.5446999557
9/28/2015,2217325.9086999553
9/28/2015,2217325.9086999553
9/28/2015,2217325.9086999553
9/28/2015,2217325.9086999553
9/28/2015,2217325.9086999553
9/28/2015,2217325.9086999553
9/28/2015,2217325.9086999553
9/28/2015,2217325.9086999553
9/28/2015,2217325.9086999553
9/28/2015,2217325.9086999553
9/28/2015,2217325.9086999553
9/28/2016,2217425.0446999553
9/28/2017,2217984.315699955
9/28/2017,2217984.315699955
9/28/2017,2217984.315699955
9/28/2017,2217984.315699955
9/28/2017,2217984.315699955
9/28/2017,2217984.315699955
9/28/2017,2217984.315699955
9/28/2017,2217984.315699955
9/28/2017,2217984.315699955
9/28/2017,2217984.315699955
9/29/2014,2226093.385699955
9/29/2014,2226093.385699955
9/29/2014,2226093.385699955
9/29/2014,2226093.385699955
9/29/2014,2226093.385699955
9/29/2014,2226093.385699955
9/29/2014,2226093.385699955
9/29/2014,2226093.385699955
9/29/2014,2226093.385699955
9/29/2014,2226093.385699955
9/29/2014,2226093.385699955
9/29/2014,2226093.385699955
9/29/2014,2226093.385699955
9/29/2014,2226093.385699955
9/29/2014,2226093.385699955
9/29/2014,2226093.385699955
9/29/2014,2226093.385699955
9/29/2014,2226093.385699955
9/29/2014,2226093.385699955
9/29/2016,2227401.1776999556
9/29/2016,2227401.1776999556
9/29/2016,2227401.1776999556
9/29/2016,2227401.1776999556
9/29/2016,2227401.1776999556
9/29/2016,2227401.1776999556
9/29/2016,2227401.1776999556
9/29/2016,2227401.1776999556
9/29/2016,2227401.1776999556
9/29/2016,2227401.1776999556
9/29/2017,2229345.257699955
9/29/2017,2229345.257699955
9/29/2017,2229345.257699955
9/29/2017,2229345.257699955
9/29/2017,2229345.257699955
9/29/2017,2229345.257699955
9/29/2017,2229345.257699955
9/29/2017,2229345.257699955
9/29/2017,2229345.257699955
9/29/2017,2229345.257699955
9/29/2017,2229345.257699955
9/29/2017,2229345.257699955
9/29/2017,2229345.257699955
9/29/2017,2229345.257699955
9/29/2017,2229345.257699955
9/29/2017,2229345.257699955
9/29/2017,2229345.257699955
9/29/2017,2229345.257699955
9/29/2017,2229345.257699955
9/29/2017,2229345.257699955
9/29/2017,2229345.257699955
9/3/2014,2229367.337699955
9/3/2014,2229367.337699955
9/3/2015,2231242.2356999554
9/3/2015,2231242.2356999554
9/3/2015,2231242.2356999554
9/3/2015,2231242.2356999554
9/3/2015,2231242.2356999554
9/3/2015,2231242.2356999554
9/3/2015,2231242.2356999554
9/3/2015,2231242.2356999554
9/3/2015,2231242.2356999554
9/3/2015,2231242.2356999554
9/3/2015,2231242.2356999554
9/3/2015,2231242.2356999554
9/3/2015,2231242.2356999554
9/3/2015,2231242.2356999554
9/3/2016,2233607.8316999553
9/3/2016,2233607.8316999553
9/3/2016,2233607.8316999553
9/3/2016,2233607.8316999553
9/3/2016,2233607.8316999553
9/3/2016,2233607.8316999553
9/3/2016,2233607.8316999553
9/3/2016,2233607.8316999553
9/3/2016,2233607.8316999553
9/3/2016,2233607.8316999553
9/3/2016,2233607.8316999553
9/3/2016,2233607.8316999553
9/3/2016,2233607.8316999553
9/3/2017,2235203.680699955
9/3/2017,2235203.680699955
9/3/2017,2235203.680699955
9/3/2017,2235203.680699955
9/3/2017,2235203.680699955
9/3/2017,2235203.680699955
9/3/2017,2235203.680699955
9/3/2017,2235203.680699955
9/3/2017,2235203.680699955
9/3/2017,2235203.680699955
9/3/2017,2235203.680699955
9/3/2017,2235203.680699955
9/3/2017,2235203.680699955
9/30/2014,2236191.2126999553
9/30/2014,2236191.2126999553
9/30/2014,2236191.2126999553
9/30/2014,2236191.2126999553
9/30/2014,2236191.2126999553
9/30/2014,2236191.2126999553
9/30/2016,2236717.0966999554
9/30/2016,2236717.0966999554
9/30/2017,2237257.856699955
9/30/2017,2237257.856699955
9/30/2017,2237257.856699955
9/30/2017,2237257.856699955
9/30/2017,2237257.856699955
9/30/2017,2237257.856699955
9/30/2017,2237257.856699955
9/4/2015,2238329.140699955
9/4/2015,2238329.140699955
9/4/2015,2238329.140699955
9/4/2015,2238329.140699955
9/4/2015,2238329.140699955
9/4/2015,2238329.140699955
9/4/2015,2238329.140699955
9/4/2016,2242861.1826999555
9/4/2016,2242861.1826999555
9/4/2016,2242861.1826999555
9/4/2016,2242861.1826999555
9/4/2016,2242861.1826999555
9/4/2016,2242861.1826999555
9/4/2016,2242861.1826999555
9/4/2016,2242861.1826999555
9/4/2016,2242861.1826999555
9/4/2016,2242861.1826999555
9/4/2016,2242861.1826999555
9/4/2016,2242861.1826999555
9/4/2016,2242861.1826999555
9/4/2016,2242861.1826999555
9/4/2016,2242861.1826999555
9/4/2016,2242861.1826999555
9/4/2016,2242861.1826999555
9/4/2016,2242861.1826999555
9/4/2017,2248221.384699955
9/4/2017,2248221.384699955
9/4/2017,2248221.384699955
9/4/2017,2248221.384699955
9/4/2017,2248221.384699955
9/4/2017,2248221.384699955
9/4/2017,2248221.384699955
9/4/2017,2248221.384699955
9/4/2017,2248221.384699955
9/4/2017,2248221.384699955
9/4/2017,2248221.384699955
9/4/2017,2248221.384699955
9/4/2017,2248221.384699955
9/4/2017,2248221.384699955
9/4/2017,2248221.384699955
9/4/2017,2248221.384699955
9/4/2017,2248221.384699955
9/4/2017,2248221.384699955
9/4/2017,2248221.384699955
9/4/2017,2248221.384699955
9/4/2017,2248221.384699955
9/4/2017,2248221.384699955
9/4/2017,2248221.384699955
9/4/2017,2248221.384699955
9/4/2017,2248221.384699955
9/4/2017,2248221.384699955
9/4/2017,2248221.384699955
9/4/2017,2248221.384699955
9/5/2014,2248517.688699955
9/5/2014,2248517.688699955
9/5/2015,2249451.7916999552
9/5/2015,2249451.7916999552
9/5/2015,2249451.7916999552
9/5/2015,2249451.7916999552
9/5/2015,2249451.7916999552
9/5/2015,2249451.7916999552
9/5/2015,2249451.7916999552
9/5/2015,2249451.7916999552
9/5/2015,2249451.7916999552
9/5/2016,2254678.1396999555
9/5/2016,2254678.1396999555
9/5/2016,2254678.1396999555
9/5/2016,2254678.1396999555
9/5/2016,2254678.1396999555
9/5/2016,2254678.1396999555
9/5/2016,2254678.1396999555
9/5/2016,2254678.1396999555
9/5/2016,2254678.1396999555
9/5/2016,2254678.1396999555
9/5/2016,2254678.1396999555
9/5/2016,2254678.1396999555
9/5/2016,2254678.1396999555
9/5/2016,2254678.1396999555
9/5/2016,2254678.1396999555
9/5/2016,2254678.1396999555
9/5/2016,2254678.1396999555
9/5/2016,2254678.1396999555
9/5/2016,2254678.1396999555
9/5/2016,2254678.1396999555
9/5/2016,2254678.1396999555
9/5/2016,2254678.1396999555
9/5/2016,2254678.1396999555
9/5/2016,2254678.1396999555
9/5/2016,2254678.1396999555
9/5/2016,2254678.1396999555
9/5/2016,2254678.1396999555
9/5/2016,2254678.1396999555
9/5/2016,2254678.1396999555
9/5/2016,2254678.1396999555
9/5/2016,2254678.1396999555
9/5/2016,2254678.1396999555
9/5/2016,2254678.1396999555
9/5/2016,2254678.1396999555
9/5/2016,2254678.1396999555
9/5/2016,2254678.1396999555
9/5/2016,2254678.1396999555
9/5/2016,2254678.1396999555
9/5/2017,2255005.183699955
9/5/2017,2255005.183699955
9/5/2017,2255005.183699955
9/5/2017,2255005.183699955
9/5/2017,2255005.183699955
9/6/2014,2255105.543699955
9/6/2014,2255105.543699955
9/6/2015,2256111.197699955
9/6/2015,2256111.197699955
9/6/2015,2256111.197699955
9/6/2015,2256111.197699955
9/6/2015,2256111.197699955
9/6/2015,2256111.197699955
9/6/2015,2256111.197699955
9/6/2015,2256111.197699955
9/6/2015,2256111.197699955
9/6/2015,2256111.197699955
9/6/2016,2257424.7336999546
9/6/2016,2257424.7336999546
9/6/2016,2257424.7336999546
9/6/2016,2257424.7336999546
9/6/2016,2257424.7336999546
9/6/2016,2257424.7336999546
9/6/2016,2257424.7336999546
9/6/2016,2257424.7336999546
9/7/2014,2260948.608699955
9/7/2014,2260948.608699955
9/7/2014,2260948.608699955
9/7/2014,2260948.608699955
9/7/2014,2260948.608699955
9/7/2014,2260948.608699955
9/7/2014,2260948.608699955
9/7/2014,2260948.608699955
9/7/2014,2260948.608699955
9/7/2014,2260948.608699955
9/7/2014,2260948.608699955
9/7/2014,2260948.608699955
9/7/2014,2260948.608699955
9/7/2014,2260948.608699955
9/7/2014,2260948.608699955
9/7/2014,2260948.608699955
9/7/2014,2260948.608699955
9/7/2014,2260948.608699955
9/7/2014,2260948.608699955
9/7/2014,2260948.608699955
9/7/2014,2260948.608699955
9/7/2014,2260948.608699955
9/7/2014,2260948.608699955
9/7/2014,2260948.608699955
9/7/2014,2260948.608699955
9/7/2015,2263871.275699955
9/7/2015,2263871.275699955
9/7/2015,2263871.275699955
9/7/2015,2263871.275699955
9/7/2015,2263871.275699955
9/7/2015,2263871.275699955
9/7/2015,2263871.275699955
9/7/2015,2263871.275699955
9/7/2015,2263871.275699955
9/7/2015,2263871.275699955
9/7/2015,2263871.275699955
9/7/2015,2263871.275699955
9/7/2015,2263871.275699955
9/7/2015,2263871.275699955
9/7/2017,2267719.840699955
9/7/2017,2267719.840699955
9/7/2017,2267719.840699955
9/7/2017,2267719.840699955
9/7/2017,2267719.840699955
9/7/2017,2267719.840699955
9/7/2017,2267719.840699955
9/7/2017,2267719.840699955
9/7/2017,2267719.840699955
9/7/2017,2267719.840699955
9/7/2017,2267719.840699955
9/7/2017,2267719.840699955
9/7/2017,2267719.840699955
9/7/2017,2267719.840699955
9/7/2017,2267719.840699955
9/7/2017,2267719.840699955
9/7/2017,2267719.840699955
9/7/2017,2267719.840699955
9/7/2017,2267719.840699955
9/7/2017,2267719.840699955
9/7/2017,2267719.840699955
9/7/2017,2267719.840699955
9/7/2017,2267719.840699955
9/8/2014,2281948.2686999547
9/8/2014,2281948.2686999547
9/8/2014,2281948.2686999547
9/8/2014,2281948.2686999547
9/8/2014,2281948.2686999547
9/8/2014,2281948.2686999547
9/8/2014,2281948.2686999547
9/8/2014,2281948.2686999547
9/8/2014,2281948.2686999547
9/8/2014,2281948.2686999547
9/8/2014,2281948.2686999547
9/8/2014,2281948.2686999547
9/8/2014,2281948.2686999547
9/8/2014,2281948.2686999547
9/8/2014,2281948.2686999547
9/8/2014,2281948.2686999547
9/8/2014,2281948.2686999547
9/8/2014,2281948.2686999547
9/8/2014,2281948.2686999547
9/8/2014,2281948.2686999547
9/8/2014,2281948.2686999547
9/8/2014,2281948.2686999547
9/8/2014,2281948.2686999547
9/8/2014,2281948.2686999547
9/8/2014,2281948.2686999547
9/8/2014,2281948.2686999547
9/8/2014,2281948.2686999547
9/8/2015,2282037.9086999544
9/8/2015,2282037.9086999544
9/8/2015,2282037.9086999544
9/8/2016,2286531.8922999543
9/8/2016,2286531.8922999543
9/8/2016,2286531.8922999543
9/8/2016,2286531.8922999543
9/8/2016,2286531.8922999543
9/8/2016,2286531.8922999543
9/8/2016,2286531.8922999543
9/8/2016,2286531.8922999543
9/8/2016,2286531.8922999543
9/8/2016,2286531.8922999543
9/8/2016,2286531.8922999543
9/8/2016,2286531.8922999543
9/8/2016,2286531.8922999543
9/8/2016,2286531.8922999543
9/8/2016,2286531.8922999543
9/8/2016,2286531.8922999543
9/8/2016,2286531.8922999543
9/8/2016,2286531.8922999543
9/8/2016,2286531.8922999543
9/8/2016,2286531.8922999543
9/8/2016,2286531.8922999543
9/8/2017,2288716.219299955
9/8/2017,2288716.219299955
9/8/2017,2288716.219299955
9/8/2017,2288716.219299955
9/8/2017,2288716.219299955
9/8/2017,2288716.219299955
9/8/2017,2288716.219299955
9/8/2017,2288716.219299955
9/8/2017,2288716.219299955
9/8/2017,2288716.219299955
9/8/2017,2288716.219299955
9/8/2017,2288716.219299955
9/8/2017,2288716.219299955
9/8/2017,2288716.219299955
9/9/2014,2292759.8072999553
9/9/2014,2292759.8072999553
9/9/2014,2292759.8072999553
9/9/2014,2292759.8072999553
9/9/2014,2292759.8072999553
9/9/2014,2292759.8072999553
9/9/2014,2292759.8072999553
9/9/2014,2292759.8072999553
9/9/2014,2292759.8072999553
9/9/2014,2292759.8072999553
9/9/2014,2292759.8072999553
9/9/2014,2292759.8072999553
9/9/2014,2292759.8072999553
9/9/2016,2292844.799299955
9/9/2016,2292844.799299955
9/9/2016,2292844.799299955
9/9/2017,2297200.860299954
9/9/2017,2297200.860299954
9/9/2017,2297200.860299954
9/9/2017,2297200.860299954
9/9/2017,2297200.860299954
9/9/2017,2297200.860299954
9/9/2017,2297200.860299954
9/9/2017,2297200.860299954
9/9/2017,2297200.860299954
9/9/2017,2297200.860299954
9/9/2017,2297200.860299954
9/9/2017,2297200.860299954
9/9/2017,2297200.860299954
9/9/2017,2297200.860299954
9/9/2017,2297200.860299954
9/9/2017,2297200.860299954
9/9/2017,2297200.860299954
9/9/2017,2297200.860299954
9/9/2017,2297200.860299954
9/9/2017,2297200.860299954
9/9/2017,2297200.860299954
9/9/2017,2297200.860299954
9/9/2017,2297200.860299954
9/9/2017,2297200.860299954
9/9/2017,2297200.860299954
9/9/2017,2297200.860299954
9/9/2017,2297200.860299954
9/9/2017,2297200.860299954
9/9/2017,2297200.860299954
